60 Ft. Dolls|Brown, Arthur|Cooper, Alice|Dark Heresy|Electric Orange|Freak Kitchen|Glover, Corey|Hassett, Brian||Johnson, Brian|Kind Tot|Love Sex|Medicine Rain|New York Rock & Roll Ensemble|Orion, Doreen|Prophet, Chuck|Q-Squad|Ransom, Bill|Saber Tiger|Tankard, Ben|U.P.O.|Victor, David|Wyman, Bill|X-Cops|Young (Tribute), Neil|
1.8.7|B-Thong|Clauss, Arno|Deris, Andy|Extreme II|Frehley, Ace|Goldy, Craig|Hatch, Coney|Idol, Billy|Johansson, Calvin M.||Lewis, C. S.|Mind Riot|Nova, Aldo||Powell, Cozy|Quartzlock||Street Talk|Torme, Bernie|U2|Valentine, Evelyn Pasteur |Welch, Bob|X-Wild|Y & T|
18 Hits (Series)|B.B. King|Champlin, Bill||Ethel the Frog||Gray, Dorian|Havoc Mass|Impellitteri, Chris|James, Colin|Kissing the Pink||Mob 47|Nelson, Jim||Pink, Frijid|Queen||Slywotzky, Adrian J.|Thorpe, Billy|UFO|Violent, Johnny|Watts, Charlie|XYZ|Yearning|
20th Century Masters: The Millennium Collection (Series)|Baby Boomer Classics (Series)|Cameron, Bruce|Dickinson, Broose|E-Town Concrete||G.B.H.|Hazel, Eddie||Johnny Thunders|Knot, Gordian|Leonard, Deke|Masi, Alex|Norum, John|O.D.C.|Page, Jimmy|Queen (Tribute)|Roth, David Lee|Silvestri, Alan|Townsend, Devin|U.D.O.|Valentine, Robby|Wrench, David|XYZ (Japanese)||Zappa, Frank
25 Ta Life|Baby Mammoth|C.O.T|Dickinson, Bruce|E-Z-O|Freiberg, David|GTR|Hughes, Glenn|I'm'l|Johansen, David|Kay, John|Liddy, G. Gordon||N Dementia|O.Z.|Perry, Joe|Queens Of The Stone Age||Sweat, Axel||Ugly Kid Joe|Vai, Steve|Wolf, Don|Xorcist|Yesterday & Today|Zombie, Rob
3rd and the Mortal|Babylon A.D.|CJSS|Dog Eat Dog|Earth|Fatal Opera|Galactic Cowboys|Happy Rhodes|Gillian & Javelins, Ian|Earl Jackson Jr., Earl|KMFDM|Lynch, George|Marsden, Bernie|NOFX|O.s.t.|Palmer, John|Queensryche|Roberts, Kane|Sheehan, Billy|Tipton, Glenn|Ugly Stick|VH1 Storytellers (Series)|Waybill, Fee|||Zeros, The
4 Skins|Bachman Turner Overdrive|CKY|D'Molls|Earth Crisis|F.d.s.|Galddalf|Howe, Greg|Ice Age||Kalashnikow|Lake, Greg|McRackin, Bil|NOK|Oasis|Pitch Shifter|Quicksand|Reed, Lou|Squier, Billy||Uglystick|Vader|Williamson, James||Yosh|ZZ Top
40 Grit|Backfire!|COCOBAT|D-Age|Earthshaker|Face Of Anger|Gameface|H|Iceberg/Man|Johnson (Rock), Eric|Kamelot|Lee, Jake E.|May, Brian|NRA|Obituary|Patton, Mike|Quiet Riot|Riskin, Martin|Seger, Bob|Turner, Joe Lynn|Ultimate Spinach|Vagabonds|Walsh, Joe||Young, Neil|Zakk Wylde's Black Label Society
|Backyard Babies|Cacophony|D.G.F.|Earthtone 9|Facehugger|Gamma Ray|H-Blockx|Iced Earth|J.B.O.|Kampfar|Lord, Jon|May (Soundtracks), Brian|Naglfar|Obliveon|P Diddy|Quiet Room, The||Scott, Bon|Tempest, Joey|Ultimatum|Vainberg/Levitin|West, John|||Zao (Heavy Metal)
69 Eyes|Bad Brains|Cactus|D.I.|Easy Riders (Series)|Faces|Ganafoul|H-Bomb|Icekalt|Jackyl|Karma To Burn|Livgren, Kerry|Miles, Buddy|Nailbomb|Obsession|P-Ski Mac|Quireboys|Ronson, Mick|Sykes, Charles J.||Ultraspank|Valensia|Wetton, John|||Zar
70's Greatest Rock Hits (Series)|Bad Company|Cadaver|D.R.I.|Edge of Sanity|Factory 81|Gandalf|H.I.M.|Icon|Jacobs Dream|Kataklysm|L.A. Blues Authority||Nailboss|Octinomos|P.o.l.|Quorthon|Rough Silk|Squire, Chris||Ultraviolence|Valhall|Watanabe, Kazumi|||Zebra
70s Heavy Hitters (Series)|Bad English|California Raisins|Daemonarch|Edguy|Failure|Gang A Noise|HSAS|Idle Wilds|Jade Warrior|Katatonia|L.A. Guns|Dizzy Miss Lizzy|Naked Raygun|October 31|Pagans||Ratti, O.|Swano, Dan|Tenney, Lester I|Ulver|Vallejo|Wilson, Kevin Bloody|||Zeno
80's Greatest Rock Hits (Series)|Bad Manners|Call On The Dark (Series)|Daeonia|Einherjer|Fair Warning|Gang Green|Hades|Iggy & The Stooges|Jag Panzer|Keel|L.A.P.D.|Maxx, Edde|Narnia|Odes Of Ecstacy|Page & Plant||Rodgers, Paul|Sherinian, Derek|Turilli, Luca|Umbra Et Imago|Van Der Graaf Generator|Winger, Kip|||Zephyr
7 Seconds|Bad Religion|Cancer|Dali's Dilemma|Eire Apparent|Faith No More|Gardenian|Haemorrhage|Iggy Pop|Jaguar|Kemuri|L.u.n.g.s.|Mercury, Freddie|Nashville Pussy|Odyssey|Pain Emission||REO Speedwagon|Savage, Douglas|Tramp, Mike|Unanimated|Van Halen|West, Leslie|||Zodiac Mindwarp
Abigor|Badlands|Candiria|Damaged|El Bad|Falkirk|God's Hotel|Haggard|Illdisposed|James Gang|KenZiner|L7|Moore, Gary|Nastasee|Offspring|Pain Of Salvation||Racer Ten|Snowy White|Travers, Pat|Unbroken|Van Halen (Tribute)|Wray, Link|||Zonata
Abominator|Badtown Boys|Candlebox|Damn Yankees|Eldritch|Fallen Angels|Gates Of Ishtar|Hair Of The Dog (Rock)|Illwill|Jane's Addiction|Kicking Harold|Labyrinth||Nasty Savage|Oil Seed Rape|Pain Station||Racer X|Steel, Eric|Pat Travers|Uncle Ho|Vandenberg|Webster, Max|||Zorn Gottes
Above All|Baffdecks|Candlelight Collection (Series)|Damnation|Electrasy|Fandango|Gathering|Haji's Kitchen|Iluvatar|Joplin, Janis|Kid Rock|Lacrimosa||Nasum|Oiler|Painflow||Radakka|Stealers Wheel|Trower, Robin|Uncle Sam|Vandermark 5|White, Michael|||
Abraxas|Baktabak Interview (Series)|Candlemass|Damned|Electric Hellfire Club|Fantomas|Gaye Bikers On Acid|Halford|Immolation|Jaww|Killers|Lacuna Coil||Natas|Omen|Paingod||Radio Iodine|Simmons, Gene|Tompkins, Ross|Uncurbed|Vanilla Fudge|Way, Pete|||
Abruptum|Bal Sagoth|Candysuck|Damned Nation|Electric Wizard|Faster Pussycat|Gaye Bykers On Acid|Hallows Eve|Immortal|Jayhawks|Killing Addiction|Laidlaw|McDonald, Ian|Nation|On Thorns I Lay|Painkiller||Rage|Slick, Grace||Under The Noise|Vardis|Wyatt, Robert|||
Abscess|Balance Of Power|Cannibal Corpse|Dandelion|Electric Wizard/Orange Goblin|Fastway|Geezer|Hammerfall|Impaled|Jefferson Airplane|Killing Miranda|Lake Of Tears|Martin, Jim|Nation Of Fear|One|Pakeni||Rage Against The Machine|||Under the Sun|Various Artists - Alternative|Wood, Roy|||
Absconded|Baltimoore|Canorous Quintet|Danger Danger|Elegy|Fat Tuesday|Geezer Lake|Hammerhead|Impaled Nazarene|Jefferson Starship|Killing Time|Lamb of God|Martyn, John & Beverley |Nazareth|One Eight Seven|Pamela Painter||Raging Slab||T Bell1|Underdog|Various Artists - Alternative - Indie Rock||||
Absu|Bambix|Capitalist Casualties|Dangerous Toys|Elend|Fatal Embrace|Gehennah|Handsome|Impellitteri|Jerry's Kids|Killrays|Lana Lane|Martyn, John|Nazxul|One Minute Silence|Pan-Thy-Monium||Raid|Stradlin, Izzy|T.N.T.|Undertow|Various Artists - Alternative - Industrial||||
Abyss|Ban Jyang|Capitol Collectors Series|Danzig|Eleven Pictures|Fates Warning|Government Mule|Hanoi Rocks|Imperium|Johnson, Jesse|Killtrain|Land of the Loops|McLaughlin, John |Nebula|One Way System|Pantera||Railway Train Music|Satriani, Joe|T.S.O.L.|Unholy|Various Artists - Alternative - Punk|Walsh, Steve|||
Abyssos|Bang Bang|Capricorn|Dark|Elf|Fatso Jetson|Generation|Happy Hour|In Battle|Jester's March|Kina|Lanzer|Miles, John|Necromantia|Only Living Witness|Pantera (Tribute)||Rain Still Falls|Stump, Joe|T.T. Quick|Union|Various Artists - Rock - Metal|Who, The|||
Accept|Bang Tango|Captain Beyond|Dark Angel|Embalmer|Faust|Genetic Wisdom|Hard Corp.|In Denial|Jesus Christ Superstar (Related Recordings)|King Crimson (Tribute)|Last Chapter|Mitchell, Kim|Necrony|Only The Strong (Series)|Panteras||Rainbow|Sykes, John|Tad|Union|Vast|Whores of Babylon, The|||
Accused|Bang Your Head - Best Of 80's Metal (Series)|Captor|Dark Funeral|Embodyment|Fe26|Genocidio|Hard Rock Cafe (Series)|In Extremo|Jetboy|King Diamond|Last Resort|Modesitt Jr., L.E.|Necrophobic|Onslaught|Papa Roach||Rainbow & Stars|Samson, Lisa|Taetowierte Jungs|Union 13|Velvet Acid Christ|W.A.S.P.|||
Accuser|Bar 7|Carbonized|Dark Tranquillity|Embrace (UK)|Fear Factory|Gentle Giant|Hard Rock Essentials (Series)|In Line|Jethro Tull|King Kobra|Laurels|Mattsson, Lars Eric|Necrosanct|Oomph!|Paranoise||Rainbow (Tribute)||Talas|Union Underground|Venom|WWF Superstars|||
Acheron|Baron Rojo|Carcass|Darkane|Embryo Killers|Fear Of God|Geordie|Hard Stance|In Ruins||King Kurt|Laurnea|M.D.C.|Necrosis|Opeth|Pariah||Raise Hell|Shelton, Mark|Tales From The Crypt (Related Recordings)|Unleashed|Venom (Tribute)|WWF: The Music (Series)|||
Acid Bath|Bastard|Carlos Creator|Darkness|Emergency|Fearless Iranians From Hell|Georgia Satellites|Hard-Ons|In The Colonnades|Jimmies|King's X|Lavatory|M.O.D.|Negu Gorriak|Opposite Earth|Pathos||Rammstein|Snow, Mark|Taliesin Orchestra|Unlimited Beat|Verbal Abuse|Waan|||
Acrimony|Bastro|Carnal Forge|Darkseed|Emils|Feedtime|Giant|Hardline|In The Name|Jett & The Blackhearts, Joan|Kinghorse|Leadfoot|M.P.B.||Oppressor|Paul DiAnno||Ramones|Schenker, Michael|Talisman|Unwritten Law|Vermin|War & Peace|||
Adema|Bathory|Carnivore|Darkside|Emperor|Feel So Bad|Giant Sand|Hardvark|In The Woods|Jock Rock (Series)|Kinsky|Leather Strip|MC5|Nelson|Opthalamia|Paw||Rancid Hell Spawn|Schon, Neal|Tank|Urge Overkill|Veruca Salt|War Called Peace|||
Adicts|Baton Rouge|Carpathian Forest|Darkthrone|Empty Grave|Fetish 69|Gigantor|Harley-Davidson Cycles (Series)|In the Nursery|Joe Became Judas|Kiss|Led Zeppelin|MXPX|Neolithic|Oracle|Peace Sanctuary||Random Killing|Suitner, Otmar|Tankard||Veto|Wardog|||
Adolescents|Battlecade Extreme Fighting|Carrynation|Darxtar|Enchant|Fifi|Girl|Harvey Danger|Inc|Johansson/Holdsworth/Johansson|Kiss It Goodbye|Led Zeppelin (Tribute)|MacAbre|Nervouz|Orange 9mm|Pearl Jam||Rata Blanca|Stanley, Paul|Tarantula|Utopia|Vicious Circle|Warfare|||
Adramelech|Battlezone|Cartilage|David Lee Roth Band|Enemymine|Fifth Angel|Girls Under Glass|Haste|Incantation|James, John|Kiss Me Screaming||MacAlpine/Auldridge/Rock/Sarzo|Network|Organic Infest|Peat Moss||Ratt||Tasos||Vicious Rumors|Wargasm|||
Adrenalin Kick|Bbm|Casanova|Dawn|Engine|Fight|Girlschool|Hatchet For Hone|Incubator|Paul Jones, John|Kittie||Machine Head|Neurosis|Orgy|Pendragon||Raven|Sambora, Richie|Tattoo Rodeo||Victor|Warhead|||
Adversam|Beat Happening/Screaming Trees|Cash Money|Dawn Of Dreams|English Dogs|Filthboy|Giuffria|Hate Eternal|Incubus|John Wetton/Phil Manzanera|Kix|Leeway|Mad Mongols|Neurotic Outsiders|Orion|Penetralia||Ravenous|Stewart, Rod|Tea Party||Victory|Warhorse|||
Adverts|Beatnigs|Casket|Day Houston|Enrage|Final|Gladhands|Hate Plow|Indecision|Joshua|Konkhra|Lefay|Madball|Neurotica|Out Of The Box (Series)|Penny Dreadfuls||Raw Power|Stolt, Roine|Teaser||Victory At Sea|Warlock|||
Aerosmith|Beaver|Catch 22|Dayglo Abortions|Enslaved|Final Conflict|Glam Rock: The 80's (Series)|Hatebreed|Indian Red|Journey|Korn|Left Hand Solution|Maelstrom|Nevermore|Outlast|Pentacrostic||Rawside||Teaze||Videodrone|Warlock/Vaughan Williams|||
Aeternus|Beavis And Butt-Head (Related Recordings)|Catch the Rainbow|Dazzling Killmen|Enthroned|Final Exit|Glassjaw|Haunted|Indungeon|Judas Factor|Korpse|Left Insane|Magma|New American Shame|Over Kill|Pentagram||Razor|S.N.F.U.|Teddybears||Vine|Warlord|||
After Hours|Beherit|Catfish|De Infernali|Entombed|Finger Eleven|Gluecifer|Haunted House|Infectious Grooves|Judas Priest|Koxbox|Legal Weapon|Magnitude 9|New Eden|Overcast|Pentangle||Recharge|SEX MACHINEGUNS|Teddybears Stklm||Vinterland|Warrant|||
Afterworld|Belladonna|Cathedral|Dead Amanda|Entwined|Fishwife|Goanna|Hawkwind|Infernäl Mäjesty|Judas Priest (Tribute)|Kraftwelt|Legends Of Guitar (Series)|Magnum|New Idol Son|Overdose|Perpetua||Red Alert|SRC|Temple of the Dog||Vio-Lence|Warrior|||
Agalloch|Belmetz|Catherine Wheel|Dead Beat|Enuff Z'nuff|Fist Of The North Star|Goblin|Headlock|Infestdead|Jungle Rot|Kreator|Leningrad Cowboys|Mahogany Rush|New Jerusalem|Overdrive|Pete Townshend (Tribute)||Reef|Sabu (Rock)|Ten||Virgin Steele|Warrior Soul|||
Agathocles|Belphegor|Cave-In|Dead Horse|Episode Six|Five Seconds Expired|God Dethroned|Headshop|Inhaler|Junkie XL|Kristofferson, Kris|Lethal|Malevolent Creation|New Race|Overload|Phantom||Rejuvenate|Sacramentum|Ten Years After||Vision of Disorder|Wasted Youth|||
Agathodaimon|Benedection|Cavity|Dead Orchestra|Epoch Of Unlight|Flash|Goddess of Desire|Heart|Inner Shrine|Junkyard|Krisiun|Leukemia|Malformed Earthborn|New Speedway Kings|Osbourne, Ozzy (Tribute)|Phenomena||Relative Ash|Sacred Mushroom|Tender Fury||Vitamin F|Weapon Of Choice|||
Agent Steel|Bennet|Celebrity Skin|Dead Voices On Air|Erebus|Fleischm|Godflesh|Heartbreakers|Inner Thought|Jagger, Mick|Krokus|Liberator|Malice|New Sweet Breath|Osbourne, Ozzy|Phobia||Release|Sacred Reich|Tenebra||Viva|Wehrmacht|||
Agents Of Oblivion|Benumb|Celestial Season|Deadbeats|Eric Gales Band|Flesh Eaters|Godgory|Heartland|Innermeans|Jackson, Randy|Krystal|Lick 57's|Malteze|New York Dolls||Pickin' On (Series)||Release Your Mind (Series)|Sacred Sin|Tenebris||Vixen|Weltenbrand|||
Agoraphobic Nosebleed|Beowulf|Celluloid Mata|Deadly Blessing|Ethereal Scourge|Flesh Parade|Godhead|Heaven & Earth|Innocents|Jordan, Sass|Kubla Kahn|Liege Lord|Man|Newtown Neurotics, The ; http://www.neurotics.org.uk/||Pike||Renfield|Sacred Steel|Teremaze||Voivod|West Bruce & Laing|||
Agression|Bergthron|Celtic Collections (K-Tel Series)|Deadsy|Ethoriah|Fleshcrawl|Godsend|Heavenwood|Insane||Kyuss|Life Of Agony|Maniac|Niacin||Piledriver||Replacements|Sacrifice|Terror X||Vomitory|Whiplash|||
Agressor|Berliner Philharmoniker|Celtic Frost|Dearly Beheaded|Europe|Floodgate|Godsmack|Heavy Metal Hits Of The '80s: Youth Gone Wild (Series)|Insane Clown Posse|Jones, Steve|Kilminster, Lemmy|Lightmare|Manic Street Preachers|Nickelback||Pink Cream 69||Replicants|Sacrilegium|Terrorizer||Vond|White Trash|||
Aimless|Butler, Bernard |Cemetary|Death|Everclear|Flotsam & Jetsam|Godstar|Heavy Metal Horns|Inside Out||Kelley, Ma|Limp Bizkit|Mannerheim|Nicklebag||Pink Floyd||Repression|Sacrilige|Terrorvision||Vulcano|White Wolf|||
Ain't Dead Yet|Berzerker|Centers|Death Angel|Everdark|Flowchart|Godz|Hecate Enthroned|Inspecter 7||Michael Kiske|Linkin Park|Manowar|Nicodemus||Pissing Razors||Respect|Sadist|Tesla||Varla, Zubin|White Zombie|||
Aion|Beseech|Chandalier|Death By Stereo|Everdawn|Foghat|Golden Earring|Hecateenthroned/Abigor/Nazxul|Insted||Kantner, Paul|Lion's Share|Marduk|Night In Gales||Pist-On||Restless|Sadistik Exekution|Testament|||Whitesnake|||
Air Supply|Best Album In The World Ever (Series)|Change Of Heart|Death Cube K|Everdown|Fonya|Golem|Helen 55|Instigators||Kotzen, Richie|Lionrock||Night Ranger||Pitch-Shifter||Reverend|Sadus|Thanatos|||Whitford/St. Holmes|||
Airborne|Better Than A Thousand|Chaotic Past|Death Cult|Evereve|Foo Fighters|Gomorrah|Helix|Integrity||Kinks, The|Lionsheart|Manson, Marilyn|Nightfall||Pitchblende Quartet||Rhapsody|Saga|Theatre of Hate|||Whorgasm|||
Alabama Thunder Pussy|Bewarp|Chastain|Deathmeister|Evildead|Forbidden|Gong|Hellacopters|Integrity 2000||Kuprij, Vitalij|Liquid Hips|Manson (Tribute), Marilyn|Nighthawks||Pitchshifter||Righteous Metal|Saga (French)|Theatre of Tragedy|||Wicker Man|||
Alcatrazz|Bewitched|Cheap Trick|Deathwitch|Ewigkeit|Forbidden Fate|Goo Goo Dolls|Hellhammer|Internal Bleeding||Kramer, Wayne|Lisa Gives Head|Marionetz|Nightingale||Planet Hate||Rigor Mortis|Saidchild|Thelema|||Wild Strawberries|||
Algaion|Beyond|Cheater|Deceased|Excel|Foreigner|Good Rats|Hellhole|Internal Decay|||Lithops|Mars Needs Women|Nightstick||Planet Hemp||Rio|Saidiwas|Theory In Practice|||Wildhearts|||
Alice Cooper (Tribute)|Beyond Dawn|Cheer-Accident|Decoryah|Exciters|Forkeye|Gorefest|Hellion|Internal Void|||Little Feat|Martha & The Muffins|Nightwing||Planet X||Riot|Saigon Kick|Therapy?|||Will Haven|||
Alice In Chains|Big Brother|Chelsea|Deeds of Flesh|Excruciating Pain|Forte|Gorgoroth|Helloise|Interview: Marilyn Manson|||Live At The Roxy (Series)|Mason|Nightwish||Plankeye||Ritual|Saint Vitus|Therion|||Williams/Heltir|||
Alien on My Mind|Big Hair|Chemical People|Deep Jimi & The Zep Creams|Excruciating Terror|Four Horsemen|Gorguts|Helloween|Interzone|||Livin+ Parazite|Masquerade|Nile||Platypus||Ritual Carnage|Saliva|These Five Down|||Windchase|||
Allen/Anderson/Cavazo/Clarke|Big Wheel|Chemlab|Deep Purple|Exhumed|Frat Rock (Series)|Gorky Park|Helmet|Into Another|||Living Colour|Massacra|Nine Days||Pleasure Fuckers||River Styx Blues Emporium|Sam Black Church|Thorn|||Winger|||
Allman Brothers Band|Big Wreck|Cherry Street|Deep Purple (Tribute)|Exit-13|Free|Gotthard|Helstar|Intricate|||Living Sacrifice|Massive Attack|Nine.zero||Poison||Roachpowder|Samael|Thought Industry|||Winter's Bane|||
Alpha 1|Bile|Children On Stun|Def Leppard|Exodus|Freedom|Gov't Mule|Helvede|Introitus|||Lock Up|Master|No Escape||Pole||Roadkill (Series)|Samantha 7]|Three Mile Pilot|||Wiseblood|||
Altar|Bill Black's Combo|Children of Bodom|Def Leppard (Tribute)|Expanding Man|Freedom Call|Grammy (Related Recordings)|Hemlock/Black Army Jacket|Invocator|||Locust|Mastermind|No For An Answer||Popol Vuh||Rock Anthems (Series)|Samhain|Threnody|||Wishing Well|||
Alvin Lee & Ten Years After|Billboard Top Album Rock Hits (Series)|Christ Analogue|Defecation|Explicit Cover|Friedman/Clarke/Ian/Bello/Bach|Grave|Heritage|Iron Maiden|||Lone Star|Matchbox Twenty|No Use For A Name||Porch||Rock City Angels|Samiam|Threshold|||Witchcraft|||
Am I Blood|Billionaire|Christian Death|Defiance|Extol|Frightwig|Gravestone|Hexenhaus|Iron Maiden (Tribute)|||Lord Belial|Maximum Audio Biography (Series)|Nobodys||Porcupine Tree||Rock Goddess|Samson|Throbbin Hoods|||Witchfynde|||
Amaymon|Biohazard|Chroma Key|Defleshed|Extreme|Frogs|Graveyard Rodeo|High On Fire|Iron Monkey|||Lords Of The New Church|Maximum Penalty|Nocturnal Rites||Pore||Rock Of The 70's (Series)|San Francisco Symphony|Throwdown|||Witchkiller|||
Amebix|Birth Control|Chrome Locust|Deftones|Extreme Prejudice|Front Line Assembly|Gravity Kills|High Tide|Iron Savior|||Los Mas Turbados|Mayadome|Nocturnus||Porno For Pyros||Rock The First (Series)|Sanctuary|Thumbnail|||Withcery|||
Amen (punk)|Bitch|Chronic Disorder|Deicide|Exxplorer|Frostbiter|Great White|Hinge|Isengard|||Loudmouth|Mayhem|Noise Box||Portishead||Rock The Planet (Series)|Santana|Thunder|||Without Warning|||
Amon Amarth|Bitch Magnet|Chum|Delinquents|Eyehategod|Fruitcake|Greatest Sports Rock And Jams (Series)|Hoey, Gary|Isotope|Jaded Heart|Killing Floor|Loudness|Maze|Noise Therapy||Power Chords (Series)||Rockbitch|Sarkoma|Thunderhead|||Withstand|||
Amon Duul|Bitchcraft|Cinderella|Deliverance (Metal)|Eyelid|Frumpy|Grief|Hollow|Isvind|||Love Happy|Meat Loaf|Nokturnal Mortum||Powerface||Rose Tattoo|Satan|Thy Serpent|||Wolfsbane|||
Amon Duul II|Bitter Sugar|Cipher|Dellamorte|Em Sinfonia|Fu Manchu|Griffin|Holocaust|It Is I|||Love Like Blood|Meat Puppets|Nomads||Powerman 5000||Rosemary's Billygoat|Satanic Surfers|Tiamat|||Wolverton Brothers|||
Amorphis|Black|Circle Jerks|Delphium|Entwistle, John|Fudge Tunnel|Grim Reaper|Holy Moses|Ivanhoe|||Love/Hate|Meathead|Non-Aggression Pact||Praxis||Rosicrucian|Satyricon|Tigertailz||Vanden Plas|Woodstock (Related Recordings)|||
Amp|Black 'N' Blue|Cirith Ungol|Demented Ted|Erickson, Lenita|Fuel|Grinderswitch|Holy Mother||||Lovemongers|Meathook Seed|Nothingface||Precious Death||Rossington Collins Band|Savatage|Turner, Tina|||World Bang|||
Amsvartner|Black Crowes|City Boy|Demilich|Erotic Suicide|Fueled|Grinspoon|Holy Terror||||Loverboy|Meatmen|November Doom||Pretty Boy Floyd||Rotting Christ|Saxon|Tinfed|||World Domination (Series)|||
Anacrusis|Black Flag|Clawfinger|Demolition Hammer||Full Devil Jacket|Grip Inc.|Horror Of Horrors||||Luba|Medusa Oblongada|Nuclear Assault||Pride||Rough Cutt|Scandinavian Metal Attack|Tit Wrench|||World Of Silence|||
Anal Cunt|Black Label Society|Clawhammer|Demon|Eklundh, Mattias|Funeral Oration|Grope|Horslips||||Lucky Seven|Mega Metal|Nudeswirl||Primigenium||Routine|Scanner|Titanics|||Wormhole|||
Anathema|Black League|Clay People|Demon Joker Junior|Equili, Ordo Rosarius |Funhouse|Groundhogs|Hotlegs||||Lungbrush|Megadeth|Numb||Primordial||Roxx Gang|Scaramouche|Token Entry|||Wraith|||
Ancient|Black Lung|Clockwork|Demoniac|Emmett, Rik|Funker Vogt|Gruntruck|House Of Blues (Series)||||Lustmord|Megadeth (Tribute)|||Primus||Royal Hunt|Scarecrow|Tommy (Related Recordings)||||||
Ancient Rites|Black Night|Clutch|Demons & Wizards|Even, Sieges|Furioso|Guardian|House Of Shakira||||Lynch Mob|Megaforce|Nugent, Ted||Prism||Royal Philharmonic Orchestra|Scatterbrain|Too Many Gods||||||
And Oceans|Black Oak Arkansas|Coal Chamber|Depth Charge|Exploited, The|Fury 66|Guillotine|Howling Iguanas||||Lynyrd Skynyrd|Megaherz|Number One's (Series), The||Prisma||Rudimentary Peni|Scholomance|Tool||||||
And Oceans Vs Bloodthorn|Black Ocean Drowning|Coalesce|Derrero|Excruciating Terror|Fury In The Slaughterhouse|Guitar Crusher|Hughes/Thrall||||Law, Marshall |Megaherz|Neil, Vince||Prisoner||Rudiments|Scissorfight|Tora Tora||||||
Andras|Black Sabbath|Cock Sparrer|Despair||Fury of Five|Guitar Wolf|Hugo|||||Megaworld Interview (Series)|||Prisoners||Ruins|Scorn|Torchure||||||
Andersen, Andre|Black Sabbath (Tribute)|Codeseven|Destruction|||Guitar Workshop (Series)|Human Remains||||Laine, Paul|Mellow Rock Classic (Series)|||Pro-Pain||Running Wild|Scorpions|Tormenta||||||
Andromeda|Black Widow|Cold|Desultory|||Gun|Human Waste Project||||Lewis, Phil|Melvins|||Project 86||Runrig|Scots Pirates|Tortoise Corpse||||||
Anesthesy|Blackend (Series)|Cold Chisel|Diabolical Masquerade|||Gun Club|Humble Pie||||Lynott, Phil|Memento Mori|||Prong||Rush|Scott Weiland|Totenmond|Uriah Heep|||||
Angel|Blackfoot|Collective Soul|Diaboliks||Frizzell, John|Guns N' Roses|Hunger Farm||||Laker, Rosalind|Memory Garden|||Prophecy (Metal)||Rush (Tribute)|Scream|Totennacht||Von Groove|Witchfinder General|||
Angel City|Blackjack|Collide|Diabolique|||Guns N' Roses (Tribute)|Hunt|||||Menhir|Necroside||Psycho Motel||Ruts|Screamin' Cheetah Wheelies|Tourniquet||||||
Angel Corpse|Blackmore's Night|Collision|Diamond Head||Ford, Lita|Guru Guru|Hunter Ronson Band||||Lukather, Steve|Mental Crypt|Neurosis, Inc.||Psychotic Waltz||Ryker's|Screaming Bloody Mary's|Tox||||||
Angel Dust|Blackstar|Colosseum|Dictators|||Guttermouth|Hurricane||||Living End, The|Mental Home|Nevertheless||Psychotica||Sun Red Sun|Screaming Blue Messiahs|Toxic Reasons||||||
Angel Witch|Blackstar Rising|Colosseum II|Die Apokalyptischen Reiter||Friedman, Marty|Guttersluts|Hurricane G||||Lords of Algol, The|Mentors|New Breed||Psycore|||Screaming Trees|Toxodeth||||||
Angelcorpse|Blamed|Colour Trip|Die Cheerleader||Firkins, Michael Lee|Gwar|Hyperion||||Macc Lads, The|Merauder|Newton Grunts||Public Image Limited||Reid, Terry|Sculptured|Toy Dolls||||||
Angelic Upstarts|Blind Guardian|Coloured Stone|Die Form|||Gravy Train|Hypocrisy|||||Merciless|Nimbles, The||Pulkas||Rolling Stones, The|Scum|Tracii Guns||||||
Angels|Blind Tribe|Combine|Die Kreuzen||Farrell, Perry|Gillan, Ian|Hunter, Ian|||||Mercyful Fate|NIVA||Puncture||Rolling Stones (Tribute), The|Seance|Trademark||||||
Angra|Blindside Blues Band|Common Children|Die Krupps|||Gomm, Ian|Harem Scarem|||||Meshuggah|No Frills||Pungent Stench||Runaways, The|Sebadoh|Traffic||||||
Angrius|Blink 182|Conception|Die Monster Die|||Geils Band, J.|Hendrix, Jimi|||||Metal Church|No Reason Given||Purged||Rice, Tim|Second Coming|Tragedy Divine||||||
Annihilator|Bliss|Concrete Underpass|Die Toten Hosen|||Gaskin, J.C.A.|Hendrix (Tribute), Jimi|||||Metal Edge|No Strings Attached||Purity||Rundgren, Todd|Seelenwinter|Trans Siberian Orchestra||||||
Another Victim|Blitzed|Conflict|Diesel Christ||Firm, The|Goddard, Ken|Hensley, Ken|||||Metal Flake Mother|No Thrills||Pursuit Of Happiness||Reid, Vernon|Selfmindead|Transport League||||||
Anthem|Blitzkrieg|Confrontation|Digital Ruin||||Harris, Michael|||||Metal Madness (Madacy Series)|Noctuary||Purusam|||Sense Field/Shelter/Engine Kid|Transpunk||||||
Anthrax|Blitzz Gestr|Conquest|Dilate|||Gowan, Lawrence |Mick Harris|||||Metal Mania|Nothing 2 Prove||Push|||Sentenced|Trapeze||||||
Anti-Pasti|Blondie|Control Denied|Dimmu Borgir|||Gramm, Lou|Hatchet, Molly|||||Metal Massacre (Series)|NXR||Pyogenesis|||Separation|Trash||||||
Antichrisis|Blood|Controlled Bleeding|Dinosaurs||||Higuchi, Munetaka|||||Metal Meltdown|||Plant, Robert|||Sepultura|Treat||||||
Antietam|Blood Duster|Converge|Dio|||Gryning, Mork|Hopkins, Nicky|||||Metalheadz||||||Seven Thousand Dying Rats|Trend||||||
Antrobus & The Flying Hat Band|Blood Feast|Cop Shoot Cop|Dirty Deeds|||Gilbert, Paul|Hendryx, Nona|||||Metalium|||Pink Fairies, The|||Sevenchurch|Trigger Happy||||||
Anus The Menace|Bloodbath|Core|Dirty Looks|||Glover, Roger|Henry, Pierre|||||Metallica|||Petty, Tom|||Sevendust|Trillion||||||
Anvil|Bloodlet|Corporal Punishment|Discharge|||Grapow, Roland|Hagar, Sammy|||||Metallica (Tribute)||||||Seventh Omen|Tristania||||||
Apocalypse Now (Related Recordings)|Bloodrock|Corporation|Disfear|||Green, Soylent|Howe, Steve|||||Metalmeister||||||Sex Gang Children|Triumph||||||
Apocalyptica|Bloodthron|Corporation 187|Disgrace|||Gibbons Band, Steve|Hamm, Stuart|||||Metanoia||||||Sfa|Trixter||||||
Apophis|Bloody Stools|Corpus Delicti|Dismal Euphony|||Gali, Sven|Houston, Thelma|||||Method Man||||||Shai Hulud|Trooper||||||
Apparatus|Blow|Corrosion Of Conformity|Dismember|||Godfathers, The|Helter Skelter|||||Methods Of Mayhem||||||Sheavy|Trouble||||||
April Wine|Blowhole|Cosmic Haze|Disorder|||Guess Who, The|Hoffman, Wolf|||||Michael W. Monroe||||||Shed Seven|Trust/Obey||||||
Arcade|Blowtorch|Course Of Empire|Disrupt||||hed P.E. |||||Microdisney||||||Sheela|Tsar||||||
Arcane|Blue Cheer|Covenant|Dissection||||Hundred Years|||||Midget||||||Sheer Terror|Tsatthoggua||||||
Arch Enemy|Blue Mink|Crack Up|Disturbed|||||||||Midnight||||||Sheriff Alarcon|Tubes/Squier/Idol/Poison||||||
Arckanum|Blue Murder|Cracker|Ditch Croaker|||||||||Midvinter||||||Shield|Tucky Buzzard||||||
Arcturus|Blue Oyster Cult|Cradle Of Filth|Divided Multitude|||||||||Migraines||||||Shihad|Tuff||||||
Arena|Bluttat|Crashdogs|Divine Eve|||||||||Milk Cult||||||Shiva Ram|Turbonegro||||||
Argentum|Body Count|Crawl|Divine Regale|||||||||Millennium Party (Series)||||||Shooting Star|Turmoil||||||
Armaggedon|Bogeymen|Crawler|Divine Sin|||||||||Mind over 4||||||Shortino|Twenty Dead Flower Children||||||
Armistice|Boiler|Crazy Horse|Divinyls|||||||||Mindfeed||||||Shotgun Marriage|Twenty-Five Ta Life||||||
Armored Saint|Boiling Point|Crazy Town|Doctor Butcher|||||||||Mindless Self Indulgence||||||Shotgun Messiah|Twenty-Four-7 Spyz||||||
Arsedestroyer|Bolt Thrower|Crazyhead|Dodge Main|||||||||Mindrot||||||Shove/Torpedo|Twisted Sister||||||
Artension|Bombshell Rocks|Cream|Dog Eat Dog|||||||||Mindwar||||||Shuvel|Two (Featuring Rob Halford)||||||
Artillery|Bon Jordi|Cream (Tribute)|Dogma|||||||||Ministry||||||Shy|Two Black 2 Strong Mmg||||||
Arzachel|Bon Jovi|Creed|Dokken|||||||||Ministry (Tribute)||||||Sick Of It All|Two Witches||||||
Ashes|Bon Jovi (Interviews)|Creemime|Domine|||||||||Miozän||||||Sick Things|Tabor, Ty||||||
Ashes You Leave|Bon Jovi (Tribute)|Creepmime|Dominus|||||||||Miracle Workers||||||Siebenbuergen|Tygers of Pan Tang||||||
Asia|Bonewire|Crematory|Donnas|||||||||Misanthrope||||||Sielwolf|Tyketto||||||
Asphyx|Bonfire|Crimson Glory|Doom|||||||||Misfits||||||Sighs|Type O Negative||||||
Assassin|Bonfire Madigan|Crisis|Dope|||||||||Misfits (Tribute)||||||Sign|||||||
Assfort|Bongzilla|Crisis Of Faith|Double-Ought Spool|||||||||Missing Infinity||||||Signs Ov Chaos|||||||
Astaroth|Bonham|Cronos|Doughboys|||||||||Mithotyn||||||Silent Field|||||||
At The Gates|Bonzo Dog Band|Crowbar (90's)|Doughnuts|||||||||Moaning Wind||||||Silent Majority|||||||
At War|Boogey Man|Crown|Down|||||||||Mob Rules||||||Silverbullit|||||||
Atanatos|Borknagar|Crown Of The Thornz|Down By Law|||||||||Mogg/Way||||||Silverchair|||||||
Atello|Born For Bliss|Crown of Thorns|Down By Law Vs. Gigantor|||||||||Moist Fist||||||Silverhead|||||||
Atheist|Born To Be Wild (Series)|Crucified|Downset|||Giants Causeway|Heaven's Cry|||||Molest||||||Simple Aggression|||||||
Ativin|Boston|Crux|Dr. Death|||Grave Digger|Human Clay|||Killer Dwarfs|Legs Diamond|McGuire, Molly|Napalm Death||Psÿcho Drama||Revolutionary Dub Warriors|Sinergy|||||||
Atlantic Label (Series)|Botch|Cryptopsy|Dr. Hook|||Green Day|Hybrid Children|||||Monastery|||||Rocking Dildos|Sinister|||||||
Atlantic's Hit Singles (Series)|Bowel|Crystal Ball|Drain S.T.H.|||||||||Monks||||||Sinkhole|||||||
Atomic 61|Box Of Frogs|Crystal Eyes|Drained|||||||||Monster Magnet||||||Sinner|||||||
Atrax Morgue|Brad|Cubanate|Dreadful Shadows|||||||||Monster Voodoo Machine|Not Available|Only Attitude Counts|Pigs, & Spacemen Apes|||Sinners & Saints|Thick As Thieves||||||
Atrocity|Brain Surgeons|Cycle Sluts From Hell|Dream Theater|||||||||Montrose||||||Sinoath|||||||
Auberon|Braindance|Cooper, D.C.|Dreamhunter|||||||||Moonspell||||||Sir Lord Baltimore|||||||
Aurora|Brand X|Coverdale, David|Dregs|||||||||Moonstruck||||||Sirvix|||||||
Autograph|Breach|Chastain, David T.|Drill|||||||||Morbid||||||Six Feet Under|Tribe After Tribe||||||
Autopsy|Breed|Chaotic Dischord|Drop Acid|||||||||Morgana Le Fay||||||Six Feet Under (Ska)|||||||
Autumnblaze|Brightside|Clarke, Gilby|Drown|||||||Kingdom Come||Morgion||Ok Corral||||Skeletal Earth|Tower City||||||
Avail|Brise-Glace|Cage, Harlan|Dust|||||||||Morgoth||||||Skeletones|||||||
Avalon|British Lions|Crossroad Jam|Dying Breed/Co-Factor/Cipher|||||||||Morpheus Descends||||||Skid Row|||||||
Avantasia|Broken Bones|Crow, Jim|Dying Fetus|||||||||Morpheus Sister|||||||||||||
Avatar|Broken Hope|Cowboy Killers|Danzig, Glenn|||||||||Morrissey||||||Skinlab|||||||
Avatar (Metal)|Broken Teeth|Crawley, J. Winston |Dreamers, The|||||||||Morta Skuld||||||Skrew|||||||
Aversion|Brother Cane|Cyrka, Jan|Driller Killer|||||||||Mortician||||||Skullflower|||||||
Axe|Brownsville Station|Cantrell, Jerry|Dare, Justine|||||||||Mortification||||||Skyclad|||||||
Axxis|Brujeria|Christ, Joe|Dark Magnus|||||||||Mortiis||||||Skylark|||||||
Ayreon|Brutal Aggression|Chroming Rose|Der Zorn Gottes|||||||||Mortus||||||Skypark|||||||
Azmodan|Brutal Juice|Connelly, John Theory |Dimension Zero|||||||||Mother Love Bone||||||Slade|||||||
Amboy Dukes, The|Brutal Truth|Caputo, Keith||||||||||Mother's Army||||||Slapdash|||||||
Ablaze My Sorrow|Brutality|Coyne, Kevin||||||||||Motley Crue||||||Slapshot|||||||
Appice, Carmine|Buckcherry|Collapsed Lung||||||||||Motley Crue (Tribute)||||||Slash|||||||
Aldrich, Doug|Buckethead|Carcassi, M.||||||||||Motorhead||||||Slaughter|||||||
Anderson, Ian|Budgie|Channel Zero||||||||||Motorpsycho||||||Slav Simanic|||||||
Ampil, Joanna|Bug||Derringer, Rick|||||||||Mott||||||Slavemaster|||||||
Aaron, Lee|Bugzy|||||||||||Mott the Hoople||||||Slayer|||||||
Axe, Lillian |Bullet Lavolta||Daltrey, Roger|||||||||Mountain||||||Sleeez Beez|||||||
Anderson, Lynn|Bulletboys|||||||||||Mountain Stream||||||Sleep|||||||
Ann-Margret|Burning Ambition: A History Of Punk (Series)|Criss, Peter||||||||||Mourning Widows||||||Slipknot|||||||
A Nightmare On Elm Street (Related Recordings)|Burning Witch|California, Randy||||||||||Move on||||||Sloppy Seconds|||||||
|Burnt Offering|Cooder, Ry|Deadlights, The|||Gaye Bykers|Handsome Beasts|In Battle|Johansson Brothers|Killer Bee||Moxy|Nightsky Bequest|||||Smack|||||||
|Burst||Domine, Veni|||||Iron Butterfly||||Mr Big||||||Snake River Conspiracy|||||||
|Burzum|Clash, The|Drive, Warp|||||It Bites||||Mr. Bones||||||Snuff|||||||
Apostles, The|Bush|Cult, The|Demartini, Warren|||||||||Mr. Bungle||Old Man's Child||||Soak|||||||
Atomic Bitchwax, The|Business|Carey, Tony||||||||||Msg|||Potatoe Men|||Social Distortion|||||||
|Bwf|||||||||||Mud|||Praying Mantis|||Society 1|||||||
|Bypass Unit|||||||||||Mudvayne|||Precious Metal|||Society Burning|||||||
Ash, Wishbone|Boardman, Chris|||||||||||Mullmuzzler|||Pretty Maids|||Sodom|||||||
|Burt, David|||||||||||Multiple Cat||||||Soil|||||||
|Blood Divine|||||||||||Mumbleskinny||||||Soilent Green|||||||
|Black Funeral|||||||||||Mundane||||||Soilwork|||||||
|Breeding Fear|||||||||||Murder 1||||||Solarized|||||||
|Baltimoore III|||||||||||Murder City Devils||||||Solitude Aeturnus|||||||
|Bernocchi, Eraldo|||||||||||Murder Inc.||||||Solstice|||||||
|Burdon, Eric|||||||||||Murmur U.k.||||||Sonata Arctica|||||||
|Brutal Obscenity|||||||||||Murphy's Law||||||Song Retains The Name (Led Zeppelin Tribute Series)|||||||
|Bellas, George|||||||||||Must Be Mental||||||Sonic Obliteration (Series)|||||||
|Baker, Ginger|||||||||||My Own Victim||||||Sonic Violence|||||||
|Bonnet, Graham|||||||||||My Sister's Machine||||||Sons Of Abraham|||||||
|Brighton Rock|||||||||||Mysticum||||||Soul Asylum|||||||
||||||||||||Mythos||||||Soul Reaper|||||||
||||||||||||Mythra||||||Soulfly|This Burning Effigy||||||
||||||||||||Neal Morse||||||Soulquake System|Tokyo Blade||||||
|Becker, Jason|||||||||||||||||Sound Tribe Sector 9|||||||
|Beck, Jeff|||||||||||Manzanera, Phil||||||Soundgarden|||||||
||||||||||||Mogg, Phil||||||Soundtrack For A Century (Series)|||||||
|Bongiovi, John|||||||||||||||||Southern Death Cult|||||||
|Butcher, Jon|||||||||||||||||Space Streakings|||||||
||||||||||||||||||Spade Ghetto Destruction|||||||
|Borden, Lizzy|||||||||||||||||Sparkmarker|||||||
||||||||||||Mcauley, Robin||||||Sparks|||||||
|Bolan & T Rex, Marc|||||||||||Morgan, Scott||||||Specimen|||||||
|Boals, Mark|||||||||||||||||Speedball|||||||
||||||||||||Marriott, Steve||||||Spider|||||||
|Benatar, Pat|||||||||||Morse, Steve||||||Spinal Tap|||||||
|Brown, Peter|||||||||||Morose, Tad||||||Spinegrinder|||||||
|Bach, Sebastian |||||||||||Mark Of Cain, The||||||Spineshank|||||||
||||||||||||Millenium Collection (Series), The||||||Spiral Architect|||||||
||||||||||||MacAlpine, Tony||||||Spirit Caravan|||||||
||||||||||||Martin, Tony||||||Splatterheads|||||||
||||||||||||McPhee, Tony T.S.||||||Spoken|||||||
|Bush, Stan|||||||||||Moore, Vinnie||||||Spongehead|||||||
|Balsamo, Steve|||||||||||Malmsteen, Yngwie||||||Spooky Tooth|||||||
|Bikel, Theodore |||||||||||Manifest Destiny||||||Spread the Disease|||||||
||||||||||||Marilyn´s Vitamins||||||Spudmonsters|||||||
|Bogert, Tim|||||||||||Marner||||||Squirrel Bait|||||||
||||||||||||MDC||||||Stabbing Westward|||||||
|Bolin, Tommy|||||||||||Meanstreet||||||Stack Waddy|||||||
||||||||||||Mental Disorder||||||Staind|||||||
||||||||||||||||||Star Profile (Interview Series)|||||||
||||||||||||||||||Starflight (Series)|||||||
||||||||||||||||||Starlets|||||||
||||||||||||||||||Static-X|||||||
||||||||||||||||||Status Quo|||||||
||||||||||||||||||Steel Pole Bathtub|||||||
||||||||||||||||||Steel Prophet|||||||
||||||||||||||||||Steeler|||||||
||||||||||||||||||Steelheart|||||||
||||||||||||||||||Steelhouse Lane|||||||
||||||||||||||||||Steppenwolf|||||||
||||||||||||||||||Steve Stevens|||||||
||||||||||||||||||Stevie Salas|||||||
||||||||||||||||||Stiff Little Fingers|||||||
||||||||||||||||||Stigmata|||||||
||||||||||||||||||Stillborn|||||||
||||||||||||||||||Stink|||||||
||||||||||||||||||Stone|||||||
||||||||||||||||||Stone Temple Pilots|||||||
||||||||||||||||||Stormtroopers of Death (S.O.D.)|||||||
||||||||||||||||||Stormwitch|||||||
||||||||||||||||||Strain|||||||
||||||||||||||||||Strapping Young Lad|||||||
||||||||||||||||||Stratovarius|||||||
||||||||||||||||||Strayer|||||||
||||||||||||||||||Strife|||||||
||||||||||||||||||Strip Jointz (Series)|||||||
||||||||||||||||||Strongheart|||||||
||||||||||||||||||Stryper|||||||
||||||||||||||||||Smith, Stuart|||||||
||||||||||||||||||Stuck Mojo|||||||
||||||||||||||||||Stud Rock (Series)|||||||
||||||||||||||||||Stygian|||||||
||||||||||||||||||Styx|||||||
||||||||||||||||||Sub-Species|||||||
||||||||||||||||||Substance D|||||||
||||||||||||||||||Subzero|||||||
||||||||||||||||||Suchas|||||||
||||||||||||||||||Suffer|||||||
||||||||||||||||||Suffocation|||||||
||||||||||||||||||Sugar Ray|||||||
||||||||||||||||||Suicidal Tendencies|||||||
||||||||||||||||||Summoning|||||||
||||||||||||||||||Sundown||U.K. Subs|Vice Squad|White Spirit|||
||||||||||||||||||Sunset Yellow|||Virgin Steel||||
||||||||||||||||||Sup|||||||
||||||||||||||||||Supahead|||||||
||||||||||||||||||Superconductor|||||||
||||||||||||||||||Superior|||||||
||||||||||||||||||Surveillance|||||||
||||||||||||||||||Survivor|||||||
||||||||||||||||||Swamp Terrorists|||||||
||||||||||||||||||Swartalf|||||||
||||||||||||||||||Sweaty Nipples|||||||
||||||||||||||||||Sweet|||||||
||||||||||||||||||Sweet Savage|||||||
||||||||||||||||||Sweet Water|||||||
||||||||||||||||||Switchblade Symphony|||||||
||||||||||||||||||Sword|||||||
||||||||||||||||||Swordmaster|||||||
||||||||||||||||||Symphony X|||||||
||||||||||||||||||Symposium|||||||
||||||||||||||||||Synergy|||||||
||||||||||||||||||Syrinx|||||||
||||||||||||||||||System of a Down|||||||
||||||||||||||||||Seekers, The|||||||
||||||||||||||||||Sheila Divine, The|||||||
||||||||||||||||||Spiders From Mars, The|||||||
||||||||||||||||||Streets, The|||||||
||||||||||||||||||Tm Stevens|||||||
||||||||||||||||||Tura Satana|||||||
|||||||||||||||||||||||||
||||||||||||||||||Stephenson, Van|||||||
