2 Bal 2 Neg||Crowd Pleasers, The|||Funky London|Get Low Playaz||I Smooth 7|Al Jarreau|Al Kapone|Lighter Shade Of Brown, A|||O Pensador, Gabriel||Q-Burns Abstract Message||Sweet Tee||Univerasl Voice|Van Helden, Armand|BeBe Winans|X-21 Studios||
2 Below Zero||Celious, Aaron Kabir ||E-40|49'ers|A Gee|Alfonzo Hunter|I.b.s.|Brian Jackson|Carey Kelly|Arthur Louis|Markie Dee|Alfred Noise|O.H.M.|Prime Time|Q-Tip||Alan Silvestri||Underground Committee, The|Charlie Valens|Cadillac Willy|X-Cellence|Marvin Yates|Z-Rock
2 Mex|Ant Banks|Alon Cohen||E-A-Ski ; http//www.mreaski.com/|Alric Forbes|Bobby Gaylor|Aunray Hollywood|I.d.o.l. King|Johnny Z. Band, The|Jack Knight|Barbara Luke|Biz Markie|Andre Nickatina|O.c.f.|Bernard Purdie|Quad City All-Star Christmas|David Royal|Antonio San||The Union|Jeffrey Valentine|CeCe Winans|X-Clan||Zane
2Pac|B Legit|Antonio Covatus||E-Mack-7|Charles Fambrough||Bobby Hutcherson|I.m.p.|Donell Jones|K II S (key To Salvation)||Bob Marley||O.c.u.|Pete & C.l. Smooth Rock|Quad City Dj's|Derf Reklaw|Bruce Saunders|Amon Tobin|U-God|Mak Villain|Daryl Waters|X-Cult|Y-G'z|Zap Mama
2 Live Crew|B Rich|Bola Chill|Desire Boys S.F.P.|E-Play Smooth|Darkroom Family|Eddie Griffin|D. Herbie|IN-Q ; http//www.in-q.com/|Freddie James|K-90g The Dobe||Bobby Matos|Jason Nevins|O.g. Cell-E-Cell|Chuck Prophet|Quad City Dj's/Freak Nasty||Smith, DJ Andy|Black Thawt|U-Mynd|Vission, Richard "Humpty"|Warfield, Justin Supernaut |X-Dream|Y.W.F.C.|Zeeda
2Mex|B-Movie Fiendz|C Note|Die Reim Banditen|E-Rock|Fresh, Doug E. |G-Ism|Dave Hollister|INF|Gregg Jarrell|K-Ci|L'trimm|Brigette McWilliams|Jessye Norman|O.g. Funk|Dave Pike|Quad Force|Dusty Roadz|Danielle Steel|Cal Tjader|U.N.K.L.E.||Justin Warfield|X-Ecutioners|Ya-Boyy|Zeno
2 Skinnee J´s ; http://www.2sj.com/|B-Wiz|C-Bo|Digital, Bobby|E.C. Illa|Dread Flimstone|G. Love & Special Sauce|Delilah Harris|Ice Cold Fire ; http//www.icecoldfireproductions.com/|J Love|K-Ci & Jojo|L.A. Bravo|CJ Mack|Ken Nordine|O.g. Goldie||Quad Squad|J. Rawls|David Sedaris|David Tyree|U.N.L.V.|V.A. Syndikate|Karry Walker|X-Games (series)|Yah Supreme|Zion I ; http//www.zionicrew.com/
2 Unlimited|B.B.Jay ; http//www.bbjay.com/|C-Funk|DJ Nasty Knock|E.S.G.|F-One-Three|G.O.D.|Durdy Harry|Ice Cube ; http://www.icecube.org|J Tea|K-Love|L.A. Symphony ; http//www.lasymphony.com/|Charles Mingus|N Time|OC|Gilles Peterson|Quad Star|Rosenburg, Keith 'mr. Bassman' ||Gina Thompson|U.S. Naval Academy Gospel Choir|VH1.com: Mia X|Kino Watson|X-Mob|Yall So Stupid|Zombi Squad ; http//www.zombisquad.com/
2nd II None|B.C.O.|C-Loc|DJ Jubilee|E.b. Da Daddy Of Da Hood|F.l.a.k.o.|G.T.|Fred Horn||J'Lahm|K-Maxx|L.A.Bean ; http//www.labean.net/|Craig MacK|N-Kroud Kliq ; http//www.n-kroud.com/|OMNIGOD ; http//www.headcrack.com/|James Plotkin|Quannum|Larry Robinson|Dred Scott|Jimmy Tate|U.T.F.O.|VIP's|Mervyn Warren|X Plastaz ; http//www.xplastaz.com/|Yalloppin` Hounds ; http//www.yalloppinhounds.com/|
2CHE|B.D.I Thug & Steele Black Moon|C-Loh|Digital Generation|E.c.|FLAT-TIES|G.a. Girlz|H Wood|Ice MC|J'Roll|K-Rino|L.G. Wise|Cross Movement|N.A.P.|Oak Cliff Assassin/Gold Finger|Jesse Powell|Quarter & One Half|Lil Ric|Dubb Smoke|Keith Terry|U.d.i.|VIPs|Whaley (Bored Stiff), P.|X-Raided|Yankee B.|
3-S.O.T.|B.G.'S Z|C-Murder ; http://www.c-murder.net/||E.n.e.m.y. Mindz|Fabolous ; http://www.fabolous.net/|G.i. Boys|H-Blockx|Ice Man 'j'|J-88|K-Stone & The Deadmen|L.L. Cool J ; http://www.llcoolj.com/|Johnny Moped|N.E.R.D ; http://www.n-e-r-d.com/|Obie Trice ; http://www.obietrice.com/|Jimmy Page|Quarter Mob|Marianne Rosenberg|Erick Sermon|King T|U.m.c.'s|Vamp Dogg|Ron C. Watts|X-Treme Bass|Yazid|
3XKrazy|B.N.O.C.|C-NO|Ace Deuce|EMQ Entertainment|Facemob|G.p. Wu|H-Bomb|Ice T|J-Bad|K-Street|L.O.G.|Keith Murray|N.O.T.S. Click|Oddiscee|Kelly Price|Quasimoto|Mob Related|Garnett Silk|Lidell Townsell|Ugk|Vanilla Ice ; http://www.vanillaice.com/|The What|Xl|Yella|
3rd Bass|B.V.S.M.P.|C.O.A.|Ann Duquesnay|EPMD|Faces Of Death|GAGE|H-Town|Ice Water Slaughter|J-Dubb ; http//www.desperadorecords.com/|K.R.O. & House Band of the Apo|L.a. Down|Kelli Mack|N.W.A. ; http://www.nwaworld.com/|Off Da Hook|Longineu Parsons|Queen Latifah||Scott-Heron, Gil|Lil' Troy|Ugly Duckling ; http//www.uglyduckling.us/|Various Artists - Flashback (Series)|Wright III, Tommy|Xmaz-N-The Hood|Yellow Note|
3-2 Get Funky|B.g. Knocc Out & Dresta|C.c. Lemonhead|Davis, Byron & The Fresh Krew ||Facez of Death|Galactic|H.e.a.l.|Icey Mo' Quad|J-Live|K.m.d.|L.a. Mack|Kurtis Mantronik|N.W.A. (Tribute)|Ol Dirty Bastard ; http://www.oldirtybastard.com/||Queen Pen|Pete Rock|Howard Shore|MC Twan|Ultra Magnetic Mc's|Various Artists - Rap|WSRidahs.Com|Xplicit|Ying Yang Twins|
4 in da Morning Crew|B.g. The Prince Of Rap|C.e.b.|D Of Trinity Garden Cartel|ESham|Factor|Galaxy|H.w.a.|Icf|J-Mack|K7|L.a. Nash|M Sane|N.o.h. Mafia|Ol'skool Butta|P Diddy ; http://www.p-diddy.com/|Quo|R.A.C.E.|J. Spencer|Merle Travis|Ultramagnetic MC's|Various Artists - Rap/ Hip-Hop|Warp 9|Xtra Strength/Nevins|Yo Yo|
4th Avenue Jones ; http://www.4thavenuejones.com/|B.o.c.|C.i.n.|D'Abuz System|EVP|Falo|Game Related|Haiku d'Etat|Icon Zero|J-Rocc|KG|L.a.d.|M-Boogie|N.o.t.p.|Old School (Thump Series)|P O S||R.B.L. Posse|Junebug Slim|Toney, Oscar Jr |Ump Music|Various Artists - Rap/ Hip-Hop - Bass Music|Warren G|Xx|Yo Yo Honey|
5th Ward Boyz|BC|C.m.p.|D'Influence|EYC|Fam Bam Clicc|Gang Starr|Half Pint|Ideal|J-Sly|KRU|L.l. Cool J (bb)|M.C. Breed|N.o.t.p. (nature Of The Pride)|Old School Classics|P'taah||R.I.P.|Lakim Shabazz||Uncle Al|Various Artists - Rap/ Hip-Hop - Gangsta & Hardcore||Xzibit ; http://www.xzibitnet.com/|Yo!Bots ; http//www.yobots.com/|
11/5|BG|C4 Entertainment|D'Tripp|East Flatbush Project|Fam-Lee|GangStarr|Halfbreed|Ii D Extreme|J. Capone|Ka'Nut|L.s.d.|M.O.P.|N.o.t.s.|Old School Love Songs (Series)|P-King||R.b.l. Posse's Hitman|Melky Sedeck||Uncutt|Various Artists - Rap/ Hip-Hop - Latin Rap|Watts Gangstas|X-ecutioners, The ; http://www.x-ecutioners.net/|Yo, Flaco! ; http//www.yoflaco.com/|
12-21|BHG|CCH|D-Elite ; http//www.d-eliteworld.com/|East Side Ryders|Family Affair|Gangsta Bass Alliance|Hammer|Ii Da Flo|J. Davis Trio ; http//www.jdavistrio.com/|Kaelyn|LL Cool J|M.O.T.|N.w.h.|Old School Mixx (Thump Series)|P.A.||R.p.m.|Paul Speer|T Ski|Unda Sett|Various Artists - Rap/ Hip-Hop - Old School|Waveform 7||Yo-Iz|
23 Skidoo|Baby Blue Sound Crew ; http//www.babybluesoundcrew.com/|CID|D-Flexx|Eastbound A.K. Love|Family Bizniz Clique|Gangsta Blac|Handsome Boy Modeling School|Ii Forreala|J.J. Fad|Kain|LOX, The|M.T.|N2deep|Old School Players|P.C.O.||RZA|Phil Storm|T-Bone|Under Tha Influence|Various Artists - Rap/ Hip-Hop - Underground|Way 2 Real||Yoshide/Eye|
24K ; http//www.24dangerspots.com/|Baby C|CJ Mac|D-Lemma|Eastie Boyz|Fantasic Romantic 5|Gangsta Boo ; http://www.gangstaboo.net/|Hard As Hell!|Ii Tru|J.W. & Mr. J.|Kali's Finest|LV|M.V.P.'Z|NB Ridaz ; http://www.nbridaz.com/|Old School Rap (Series)|P.E.A.C.E.||Rabeez|Rob Swift|T-Bones|Under The Influence|Verbal|Wc||Young & Restless|
50 Cent ; http://www.50cent.com/|Baby Rasta & Gringo|CMA (Mystic Journeymen)|D-Loc|Eastsidaz ; http://www.eastsidazonline.com/|Fast 1|Gangsta Pat|Hard Boyz|Ill Al Skratch|J.t. The Bigga Figga|Kam|La Haine|M?T|NIght Rider|Old School Rarities (Series)|P.M. Dawn ; http://www.pmdawn.net/||Radioactive Goldfish|Roxanne Shante|T-Isaam|UnderClassMen ; http//www.underclassmen.ch/|Veteranz/Luvbug Starski|Wc & The Maad Circle||Young Black Teenagers|
69 Boyz|Baby X|Caffeine|D-Nice|Eazy E ; http://www.eazy-e.com/|Fat Beats & Brastraps: Women Of Hip-Hop (Series)|Gangsta The Comrad|Hard Headed|Ill Source|JP|Kamnesia ; http//www.kamnesia.com/|La Mifa|MC Ade|Na'Foe|Old Skool P.O.F|P.S.D.||Rae & Christian|S'express|T-Love|Underbelly|Vicious|We Still Holding||Young Bleed|
75 Degrees ; http//www.75degrees.com/|Bace|Cage|D-Note|Ebone`Soul||Gangster on the Move|Hard, Ben B|Ill-Adapted|JSIII|Kanabis The Edit Assassin|Ladi Phat|MC Hammer ; http://www.mchammerusa.com/|Nadanuf|Omega Force Band|P.Way||Raekwon|S.B.S.|T-Tee|Underground Bass Masters|Vicious Base|Webster Hall Records||Young Cashpa|
112|Back 2 Bass X|Cali Life Style|D-Roc & 2 Tight Click|Ebony Blade|Fat Boys, The|Ganksta C|Hardatac|Imajin|JT Money|Kane & Abel|Ladies Of Virtue|MC Lyte|Nade|Omp (orange Mound Player)|P.k.o.||Ragabass|S.I.P.E|T.C.F. Crew|Underground Kingz ; http://www.the-ugks.com/|Vicious Razor & Skribble|Wemean||Young Dre|
1.8.7|Backlive|Calo|D-Rocka|Ed O.g & Da Bulldogs|Fat Joe ; http://www.fat-joe.com/|Ganksta N-I-P|Havoc & Prodeje|Immature|Ja Rule ; http://www.jarule.net/|Karlio|Lady J (holiday)|MC Paul Barman ; http://www.mcpaulbarman.com/|Naif|On 2|P.m.h.i.||Rage Against The Machine|S.P.A.D.E..|T.H.C.|Unheard Crew, The|Vico-C|Wendellman||Young Droop|
404 Soldiers|Backstreet Law|Cam'Ron ; http://www.camronfans.com/|D-Shot|Ed Palermo Big Band|Fat Kev|Gansta Bass Alliance|Hawkins, Erik ; http//www.muzicali.com/|Imperial Element ; http//www.imperialelement.com/|Jack Light Move|Kartel|Lady Red|MC Random|Nais|On The Down Low|PCM||Ragga Mania (Series)|S.U.S.P.E.C.T.S|T.I.|Union|Villain|West Coast Rap (Series)||Young Gangstas|
420 Lauda ; http//www.420lauda.com/|Backyard|Camp Lo|D.A.P.|Eddie Harris|Fat Pat|Gc Green|Head Bobbin' Entertainment|Impromp 2|Jackal The Bear|Kartell|Lady of Rage|MC Ren|Nappy Roots ; http://www.nappyroots.com/|One Eight Seven|Pablo, Petey ; http://www.peteypablo.com/||Raggs|S.b. & Joey|T.N.T.|Unisense ; http//www.unisense.net/|Viper's Freestyle Hit Parade (Series)|West Coast Rhyme Sayrz||Young Gunz|
504 Boyz ; http://www.thenewnolimit504boyz.com/|Backyard Rangers|Candyman|D.F.C.|Eddie Mac|Fatal|Gemini|Heather B.|Incredible Crew|Jadakiss ; http://www.jadakiss.com/|Kasai|Lakeside|MC Shan|Nas ; http://www.iamnas.com/|One Eight Seven Fac|Pal Joey||Rah Digga ; http://www.rahdigga.com/|S.p.i.c.|T.O.A.K.|Universe Neo|Visionaries|Westside Connection ; http://www.westsideconnection.org/||Young Hustlaz|
702|Bad Boyz Of Bass|Canibus|D.I.T.C.|Egyptian Lover|Fatal Konnektion|Genacide|Heavy D|Indescent Xposure|Jade|Kb Dub|Land Of Da Lost|MC Solaar ; http://www.solaarsystem.net/|Nas-T|One Man Gang|Panacea||Raheem|S.p.i.c.k.|T.W.D.Y.|Uno|Vita|Wet Boys||Young Know|
808XS|Bad Luck 13|Cap`t Raab and tha Patroling Fartknockers|D.J. Krust|Eightball & M.J.G.|Fatha Dom|General Grant|Heavy D & The Boys|Indo G. & Lil' Blunt|Jahi|Kc Flightt|Land Of The Heartless||Nasties|One Time Down|Papa Brittle||Raheem The Dream|SESH|TLC|Unsung|Vitamin C|White Cloudz||Young Lay|
1000 Clowns|Bad Ronald ; http://www.badronaldmusic.com/|Capone|D.M.S.|El General|Father|Generalz|Heavy D/Supercat/Paul|Industrial Bass Machine|Jalal|Keke Loco Presents|Laquan|MC Text|Nasty Boys|One Way|Papa Reu||Rahzel ; http//www.rahzel2000.com/|SMUV|TQ|Untouchable Goodfellas|Vizunari|White Dawg||Young M.C.|
?uestlove |Baddazis|Capone, Shane ; http//www.rockcityrec.com/|D.O.C.|El Jefe ; http//www.eljefemusic.com/|Father M.c.|Genius|Helicopter Girl ; http//www.helicoptergirl.com/|Infinite Mass|Jamaican Quad Squad|Kelis ; http://www.kelis.com/|Large Professor|MC Trachiotomy|Nastyboy Klick|Onyx ; http://www.onyxdomain.com/|Paperboy||Rakim ; http://www.rakim.com/|SWV||Untouchablez|Volume 10|Whodini||Young Mugzi of the Mossie|
Ill Relatives, The|Badmarsh & Shri|Capone-N-Noreaga|D.O.W.N|El Presidente|Fatlip|Genius/GZA ; http://www.liquidswords.com/|Heltah Skeltah|Infinity|Jamal|Kelvynator|Latin Fresh|MECA|Natas|Opus III|Papote & Fresh||Ralph Dog ; http//www.ralphdog.com/|Sa Deuce|TRU|Urban Dance Squad|Vontel|Whorgasm||Young Murder Squad|
Afrika Bambaataa|Badwayz|CappaDonna ; http://www.cappadonnafans.com/|D.S.C.|El Stew|Fatpat|Geno V|Hemp|Inner-Vation|Janine|Kenny Flyy|Latin Rascals|MF Doom|Nate Dogg|Orbit|Parabellum||Rampage|Saafir|TY|Urban Disciple|Vooodu|Whoridas||Young Prodeje|
A Dam Shame|Baha Men|Cappuccino|D.b.a. Flip|El Timo|Faze Action|Gentle People|Herbaliser ; http//www.herbaliser.com/|Innerlude|Jax|Kenny Red|Latin Tribe|MJG|Nate The Great and Bubba Hound|Organized Konfusion|Paris||Ranks/Rebel|Sabelle|Ta-Ta|Urban Funk Ordinance|Velez, Gloria ; http://www.gloriavelez.com/|Wild Boyz||Young Rome|
A+|Bailbondsman|Captial Punishment|D.d.c.|Elecktron|Fazeek Da Lost Child|Gerardo|Heretix666 ; http//www.heretix666.com/|Innersoulflow ; http//www.innersoulflow.com/|Jay Tee|Khia ; http://www.khia.net/|Latino Velvet|MPeeze|Nationwide Rip Ridaz|Originoo Gunn Clappaz|Parliament||Ransom|Sac-Sin|Tab Two|Urban Hype|Vinroc ; http//www.vinroc.com/|Wild Wild West (Related Recordings)||Young Soldierz|
A-1 Swift|Baka Boyz|Cardan|D.t.l.|Electro Breaks (Series)|Fbg|Get Funky Crew|Herm|Innocent Until Proven Guilty|Jay-Z ; http://www.jayzonline.com/|Kid Capri ; http//www.kidcapri.com/|Latyrx|MTS|Native Deen ; http//www.nativedeen.com/|Oso|Partial Post||Rap From Brazil|Sackcloth Fashion ; http//www.sackcloth.com/|Tabb Doe|Urban Renewal||Wildliffe Society||YoungBlood Brass Band|
A-G-2-A-Ke|Baktabak Interview (Series)|Cartel|D.y.c.|Eleven/5|Fearless Poets|Get It Boyz|Hi-Town DJ's|Inoj|Jaz|Kid Fresh|Layzie Bone|MTV Party To Go (Series)|Native Woods|Otis & Shugg|Partners In Crime||Rap's Greatest Hits (Series)|Sahib Shihab|Tactile|Urban Species||Williams, Saul ; http://www.saulwilliams.com/||Youngbloodz ; http://www.youngbloodzatl.com/|
A-James|Bakwoodz|Cartouche|D12 ; http://www.d12online.com/|Eleventh House|Fedro Starr|Get Some Crew|Hideout|Insane Clown Posse ; http://www.insaneclownposse.com/|Jazzhole|Kid Frost|Le Gooster|MTZ Adogg|Natural Elements|Out Tha Box ; http//www.outthabox.com/|Partners-N-Crime||Rapmasters: From Tha Priority Vaults (Series)|Salt-N-Pepa|Tag Team|Urban Underground||Willie D||Youngbucks|
A-Team|Baldhead Rick & S.b.|Cash Money Millionaires ; http://www.cashmoney-records.com/cashmoney.htm|D2 Tha S (dedicated To The Str|Elgin K|Fedupfaction ; http//www.fedupfaction.com/|Geto Boys|Hieroglyphics ; http://www.hieroglyphics.com/|Insight ; http//www.insight.fm/|Jazzmatazz (Series)|Kid Frost/Mellow Man Ace|Leaders Of The New School|Mac|Nature (Rap)|Outer Limits Of Audio Fidelity|Passion||Rappin' 4-Tay|Sisters Underground|Take 2 & Action|Us3||Windy City Kings||Your Works|
A-Town Players|Ball Player|Cashmere|DB Bass Killaz|Eli & K Serrah|Feenom Circle ; http//www.feenom.com/||High Heat|Insolence|Jemini The Gifted One|Kid Koala ; http://www.kidkoala.com/|Lecker Fischbraet|Mac Dash Mone|Naughty By Nature ; http://www.naughtybynature.com/|Outhouse|Pastor Troy ; http://www.pastortroy.net/||Rappin' Ron & Ant Diddley Dog|Sam-N-The Swing|Tales From The Underground|Usher||Wise Intelligent||Yukmouth|
A.B.G.|Ballers|Cast|DJ Bijal|Eligh|Fesu|Gettovetts|Highruallahz|Inspectah Deck|Jerry-G|Kid Power Posse|Leftfield|Mac Dre|Ndescent Xposure|Outkast ; http://www.outkast.com/|Paul Mak||Ras Kass|Sammy Sam|Talib Kweli & Hi-Tek ; http://www.talibkweli.com/|Utopia State||Witchdoctor||Yungstar|
A.D.O.R.|Balli & Fat Daddy|Casual|DJ Boogie|Elohim Team|Fever|Ghetto Bass Dj's|Hip Hop|Inspector Gadget Posse|Jeru The Damaja|Kid Rock ; http://www.kidrock.com|Legend Man|Mac Mall|Ndg (no Description Given)|Outlawz ; http://www.madeniggaz.net/|Peace||Rascalz, The|San Quinn|Talib from Imajin|Uzi Bros.||Witchdoktors||Yz|
A.G.|Ballzack ; http//www.ballzack.com/|Cause For Alarm/Warzone|DJ Cam|Elusive ; http//www.realaz.net/|Few Good Men|Ghetto Beats|Hip Hop Classics (Series)|Interview|Jesse Jaymes|Kid Sensation|Legion|Mac Mill|Nebula Funk|Overground|Peace Bureau||Rasco|Sandman|Tamar|||Without Rezervation|||
A.M.W.|Baltimore, Charli|Cee-Lo ; http://www.ceelo.net/|DJ Cash Money|Elwood|Fflame|Ghetto Dawgz Revue|Hip Hop Independents Day (Series)|Inthevisualz ; http//www.inthevisualz.com/|Jiggy|Kidz|Legion 7|Mac Shawn|Necro ; http://www.necrohiphop.com/|Overlord X|Peanut Butter Wolf||Rass Kass|Sandor|Tame One ; http//www.tame-one.com/|||Without Warning|||
A.P.P.|Barebones|Celetia|DJ Clue|Emcee Cooler|Ffwd|Ghetto Dynasty|Hip-Hop Non-Stop|Intoxicans|Jim Crow|Kiis|Leroy Smokes ; http//www.leroysmokes.net/|MacK 10/Big Mike/Dj U-Neek|Needles|Oxmo Puccino|People Under The Stairs ; http://www.peopleunderthestairs.net/||Rat Fine|Sandspiders|Tap Dat Azz (TDA)|||Wize Men, The ; http//www.wizemen.com/|||
A.T.F.|Barons|Cella Dwellas|DJ Clue|Eminem ; http://www.eminem.com/|Fiedien|Ghetto Guerrilla|Hipsway|Invisibl Skratch Piklz|Jimmy Jay|Kil|Les Nubians|MacK Da Maniak|Nefarious|Ozomatli ; http://www.ozomatli.com|People Without Shoes||Rat House|Sandy & Papo Mc|Tapp|||Wizzard|||
A.d.o.r.|Barry G.|Cellski|DJ Craze|Encore (Rap)|Field Mob ; http://www.fieldmob.com/|Ghetto Mafia|History Of Hardcore (Series)|Iraj|Jin tha MC|Killa Tay|Les Sage Poetes De La Rue|MacK E.l.|Nefarius|Shaquille O'Neal ; http://www.shaq.com/|Pep Love ; http://www.pep-love.com/||Rated X|Sankofa|Tar Baby|||Wojack|||
ABB Records Presents|Basehead|Celly Cel ; http//www.celly-cel.com/|DJ DMD|Endangered Species|Fiend|Ghetto Philharmonic|History Of Rap (Series)|Irredescence|Jizzm High Definition|Killah Priest|Leshaun|Mack 10 ; http://www.mack10.com/|Neighborhood Clicc|The Outfit|Peppalottii||Ravenous Munkz|Santana|Tarasco|||Wolf Pack|||
ADZ|Basis|Central Boyz|DJ Dara|Enhanced Vision Project ; http//www.evp.bigstep.com/|Fifth Ward Juvenilez|Ghetto Rainbow ; http//www.ghettorainbow.com/|Hithard|Isis (Rock)|Jock Jams (Series)|Killarmy|Lethal||Nelly ; http://www.nelly.net/|Outhere Brothers, The|Perez, Amanda ; http://www.amandaperezmusic.com/||Raw Breed|Santessa|Tash|||Wolfpac|||
AGP|Bass 2 Tha Old School|Cha Cha|DJ Dero|Enocent|Fifty Cent|Ghetto Soldiers|Hive|Island Boyz|John B|Killer D & II Dope Posse|Level III|Mackadelics|Nemesis|The Outsidaz|PhD||Raw Elements|Santo The Honduspitfire|Taste Of Swing Time (Series)|||Wonder, Wayne ; http://www.waynewonder.com/|||
AMG|Bass 305|Chaddy 1 P.u.s.|DJ Design|Entouch|Fila Phil|Ghetto Street Fighters|Hoerzu|Island Nation|John Smith's BLUNDERBUS|Killer Mike|Lex A.d.|Mad Cj Mac|Netherworlds||Pharcyde, The ; http://www.thepharcyde.com/||Raw Ice|Sauce Money|Taydatay|||Wood|||
ATC|Bass Addiction|Chamillion ; http//www.chamillionaire.com/|DJ Dirty Money & Mr. Quikk|Entrique|Filthy Phil|Ghetto Style Dj's Bass|Hoku|Isosceles ; http//www.isosceles.tv/|Johnny Boy|Kilo|Lifer's Group|Mad Cobra|New Dimension Band||Pharoah||Raw Remainderz|Saukrates|Taylor Boyz|||Woodfellaz|||
AVP Freestyle (Series)|Bass Alert|Changing Faces|DJ Faust|Enyaphace|Filthy Rich|Ghetto Twiinz|Holiday Styles ; http//www.holidaystyles.net/|It's On Down Here|Johnny P|Kilo G|Lifestyle|Mad Dog Clique|New Edition||Pharoahe Monch||Ray Ray & Sinister Tonz|Savareign ; http//www.savareign.com/|Tbtbt|||Woodland Creaturs ; http//www.woodlandcreatures.com/|||
AWOL|Bass Alliance|Channel Live ; http//www.channellive.tv/|DJ Food|Epileptic Disco|Final|Ghost Town Dj's|Hollis|Ivy Queen|Johnson, Syleena ; http//www.syleenajohnson.com/|Kinfusion|Lighter Shade Of Brown|Mad Flava|New Flesh For Old||Phatstaxx ; http//www.phatstaxx.com/||Rbx|Scalpel|Te Kupu ; http//www.tekupu.com/|||Word of Mouth|||
Above Levels|Bass Apocalypse|Channel Six|DJ Frane|Epitafh ; http//www.epitafh.com/|First Comin|Ghostface Killah ; http//www.ghostfacekillah.com/|Holly Rob/Dr. Ray|Iz|Joint|King C|Liks, Tha ; http://www.alkaholiks.com/|Mad Flavas: Beats For The Boulevard (Series)|New Kingdom||Phfeel Tha Sneak ; http//www.phfeelthasneak.com/||Real Killers|Scanner|Teacher Killers|||World Class Wreckin' Cru|||
Above The Law|Bass Automator|Chapter 11 ; http//www.chapter11music.com/|DJ Hollywood|Era|First Degree The DE|Gigolo Tony|Homeless Criminals|Izaya|Joint Mobb|King D|Lil 1/2 Dead|Mad Kutz|New Visions Band||Phife Dawg ; http://www.phifedawg.com/||Real Live|Scaramanga|Tear Da Club Up Thugs|||Wreckless Klan|||
Absolute Beginner|Bass Bombers|ChazBaby ; http//www.chazbaby.com/|DJ Honda|Eric B. & Rakim|First Generation Rap (Series)|Gina G.|Homeless Nation|Mark Isham|Joint Ventures|King George|Lil Benny & Masters|Mad Lion|Newcleus/Ex'tra T's||Philly`s Most Wanted ; http//www.phillysmostwanted.com/||Real Rap|Scare Dem Crew|Teardrop|||Wreckshop Family|||
Abstract Giants ; http//www.abstractgiants.com/|Bass Boy|Che Fu ; http//www.che-fu.com/|DJ Jazzy Jeff ; http//www.djjazzyjeff.com/|Erina & The Afro Bros.|Fischmob|Ginuwine|Hometown Boyz|Mark Izu|Jointz From Back In Da Day (Series)|King Goldi|Lil Ced|Mad Professor|Nice & Smooth||Phoenix Orion||Real Untouchables|Scarface|Tec-9 |||Wreckx-N-Effect|||
Abstract Tribe Unique|Bass Brothas|Cher|DJ Jazzy Jeff and The Fresh Prince ; http//www.jazzyjefffreshprince.com/|Eriq ; http//www.eriq.com/|Flatlinerz|Girls With Attitudes|Honeyz||Jones, Roy, Jr. ; http://www.royjonesjr.com/|King Kapisi ; http//www.kingkapisi.co.nz/|Lil Chill|Mad Rapper|Nightmares on Wax||Physical Wonders||Realite|Scarub|Tech Man 1|||Wu Syndicate|||
Aceyalone|Bass Brothers|Cherokee|DJ Kool|Ese Rich Roc|Flavor Flav|Gloc 9|Hood, Jae ; http//www.jaehood.com/||Journeys By DJ (Series)|King Sun|Lil Goldie|Mad Skillz|Nigo||Piece Of Mind||Reality|Schoolly D|Tech N9ne ; http://www.therealtechn9ne.com/|||Wu-Tang Clan|||
Acheeka Tribe|Bass Challenger|Cherry Poppin' Daddies|DJ Krush|Esham ; http//www.eshamtheunholy.com/|Flavournaughts|Gloria Velez|Hoodlum Priest||Jovanotti|Kingpin Skinny Pimp|Lil Jon & The East Side Boyz ; http://www.liljononline.com/|Mad Wisdom|Nine||Pimp Daddy||Reality Check|Schooly D|Techmaster P.e.b.|||Wyclef Jean ; http://www.wyclef.com/|||
Adams Bunch|Bass Check (Series)|Chicago|DJ Krush|Eternal G's|Flesh N' Bone|Goats|Hoodratz||Joy Society|Kings Of Pressure|Lil Pen|Madame Star|Nine One Eight||Pimpsta||Rebel|Scienz of Life ; http//www.scienzoflife.com/|Techno Bass Crew|||Wyclef/Cruz|||
Addict Merchants ; http//www.addictmerchants.com/|Bass Citation|Chicago DJ's (Series)|DJ Laz|Eternal Meazure|Flexx|God's Original Gangstaz|Hooligan and Shame||Joya|Kingsta|Lil Raskull|Madd Blunted|Ninety-Five South||Pink||Rebirth Brass Band|Scott Lark|Tee Terry Dee|||Whyte Out ; http//www.whyteout.com/|||
Adonis|Bass City Rollers|Chicano Soul 'n' Power|DJ Madness & Dr. Boom|Eurobass Express|Flip Squad Allstar DJs|Godfather|Hostyle||Jugganot|Kinsu|Lil Runt|Madd Rapper|Nini X||Pish-Posh||Rebirth Of Cool (Series)|Scott, Julian Suave ; http//www.suaveproductions.com/|Teflon|||WSRidahs.Com ; http//www.wsridahs.com/|||
Aduo & B.O.T. Inc|Bass Clan|Chilee Powdah|DJ Magic Mike ; http//www.magicmike.com/|Eve ; http://www.evefansonly.com/|Flipmode Squad|Gold|Hot Boys||Julian B.|Kinsui|Lil Sin|Madison & Chrysto|No Authority||||Red Brown ; http//www.redbrown.com/|Scratch ; http//www.humanturntable.com/|Teji||||||
Aesop Quartet|Bass Connection|Chill Deal Boyz|DJ Melo-D|Everlast|Flippin The Script|Gold Money|Hot Butter||Jungle Brothers ; http://www.jbeez.com/|Kirk|Lil Unfufu|Madnezz Crew|No Doze Funkmob||Pizzo||Red Foo & Dre Koon|Scratch Pro Foundation|Tela||||||
Africa Bambaataa ; http://www.afrikabambaataa.com/|Bass Creations|Chill E.b.|DJ Melo-Mix|Eversole, Archie|Flipside|Gold Teet|Hot Rap||Junior M.a.f.i.a.|Kizzy Rock|Lil Wayne|Mafia Latina|No Face||Planet Asia ; http://www.mcplanetasia.com/||Red Hot AIDS Benefit Series|Screw Theory (Series)|Temple Of Boom||||||
Afro-Rican|Bass Crimes|Chill Rob G|DJ Mike'y D|Every Day Life|Flo Mob|Goldfinger|House Music All Night Long||Junk Yard Band|Klondike Kat|Lil Will|Mafiosos|No Good But So Good||Planete...(Series)||Redd|Screwball|Temple of Hiphop Kulture||||||
Afroman ; http://www.afromanmusic.com/|Bass Cube|Chilly Tee|DJ Muggs|EveryTENOR|Flupway|Goldy|House Of Pain||Jurassic 5 ; http://www.jurassic5.com/|Kmc|Lil' Bow Wow|Maggotron|No Good N' Jiggie||Plastique||Redlife|Seagram|Ten Bass T||||||
Afu-Ra|Bass Cult|China|DJ Nabs|Ewv|Flynn|Gonzoe|Houston Hard Hitters||Just-Ice|Knight Force|Lil' Cease|Magic (Rap)|No I.d.||Platinum Plus Productions||Redman ; http://www.funkdoc.com/|Seal Team 1|Ten Percent||||||
Aggravated ; http//www.aggravated.com/|Bass Daddy|Chino Xl|DJ Nemisis|Explicit Cover|Fo' Clips|Gooch|Howie B||Juster|Knight Owl|Lil' Keke|Magic City Dj's|No Mercy||Playa||Redneck Rappers|Second 2 Last|Ter'ell||||||
Aim|Bass Dimensions|Choclair ; http//www.choclair.net/|DJ Pool (Series)|Express Of Sound|FocusedFew ; http//www.focusedfew.co.uk/|Goodfellaz|Hurricane||Justice System|Knight Society|Lil' Louis|Magic Mark|No Screws||Playa D||Redrum|Secret Society|Terminata||||||
Akhenaton|Bass Dreams|Choice|DJ Premier|Extra Profilic|Foe|Goodie Mob|Hurricane G||Juvenile|Knightowl|Lil' Milt|Magical Beat|No Star||Playa Fly||Reign|Seed ; http//www.seedpoppa.com/|Terri & Monica||||||
Akinyele|Bass Erotica|Chopher|DJ Qbert|Faith Evans|Foesum ; http//www.foesum.com/|Gooselove & Antara|Hustlers Make G's||Juvenile Style|Knights Of Bass|Lil' Rachett|Magnolia Shorty|Nobodies||Playa G||Reinald-O|Sensational|Terror Squad||||||
Al-D|Bass Explosion U.S.A (Series)|Chopmaster J|DJ Quik|Lowell Edward|Foo Fighters|Gorillaz|Hyenas In The Desert||Juvon|Knuckleheads|Lil' Rob|Magoo|Nobody||Playa G. Feat. Dj Knight||Rell|Sequence|Texas||||||
Alarmclock Connection ; http//www.alarmclock-connection.net/|Bass Extreme|Chris and Chubby|DJ Quik|Missy Elliott|Force One Network|Gospel Gangstaz|Hypnotik||Jv|Knuckleheadz|Lil' Soldiers|Main Source|Noise||Playa-Ju||Remedy ; http://www.remedyross.com/|Serious|Texas Boyz||||||
Ali ; http//www.alimusic.com/|Bass Factory 808|Christafari|DJ Rap|Edwards, Omar A.|Forever Freestyle (Series)|Gospel Tribe Family|Hypnotize Camp||Jvc Force|Kock D Zel|Lil' Zane ; http://www.lilzane.com/|Major Figgas|Nomad||Playaz Tryna Strive||Remy|Set Tripp|Tezman Vic||||||
Ali, Rahma ; http//www.rahmaali.com/|Bass For Da Soul|Christion|DJ Rectangle|EVP ; http//www.evphiphop.com/|Forty Thevz|Grace Darling|Hyzteria ; http//www.hyzteria.com/||Milt Jackson|Kofi & Kwame|Lil'D|Major League|Nomads||Player E and BMG||Renard With No Regard|Sethro ; http//www.sethro.com/|Tha 2 Thick Family||||||
All City|Bass Foundation|Chubb Rock|DJ Revolution||Forty-Five King|Grammy (Related Recordings)|Lauryn Hill ; http://www.laurynhill.com/||Miss Jones|Kokane|Lil'o|Malaika|Non Phixion ; http//www.nonphixion.com/||Player Inc.||Renegade Funktrain|Seven|Tha Alkaholiks||||||
All For One|Bass Freaks|Chuck D.|DJ Scorpio||Forty-Five King/Tuff City Squa|Grammy Nominees (Series)|Pam Howe||Montell Jordan|Kola-The Lyrical Soda|Lil'raskull|Malcolm McLaren|Non-Aggression Pact||Players For Life/G-Rob||Repo Crew|Seventh Order|Tha Bassfather||||||
All In The Family|Bass Gangsters|Chuly|DJ Screw||Foul Play|Grand Agent|Ronnie Henson||Wyclef Jean|Kollision|Lil` Fizz|Male Hits Of The 1990s (Series)|Non-Prophets ; http//www.non-prophets.com/||Pmd||Resin Dogs ; http//www.resindogs.com.au/|Sf Spanish Fly|Tha Cellmates||||||
All Natural ; http//www.allnaturalhiphop.com/|Bass Heavyweights|Ciller Klan Click|DJ Shadow||Foundation|Grand Daddy I.u.|Tasha Holiday|||Kompozur|Lil` Flip ; http://www.lilfliponline.com/|Man Parrish|Nonchalant||Po' Broke & Lonely?||Return Of The DJ (Series)|Sh'killa|Tha Dogg Pound||||||
All Out|Bass Hit|Cima|DJ Skribble||Four P.m.|Grand Puba|Hater Slayer, The|||Kool Daddy Fresh|Lil` J|Mancow (bb)|Noncontingent||Poem-Cees||Return of the DJ|Sha'dasious|Tha Gimisum Army||||||
All That|Bass Inc.|Cisco Kid|DJ Soul Slinger||Four Sure|Grandmaster Flash ; http://www.grandmasterflash.com/|High & Mighty, The|||Kool Dj Red Alert ; http//www.kooldjredalert.com/|Lil` Kim ; http://www.lilkim.com/|Mandism|Noreaga||Poetic Hustla'z||Rha Goddess|Shabazz|Tha Grip||||||
All-N-1|Bass Invaders|Civilian Soldiers ; http//www.civiliansoldiers.com/|DJ Spinna||Four Way|Grandmaster Melle Mel||||Kool G Rap|Lil` Romeo ; http://www.lilromeo.com/|Mangu|Northern State ; http://www.northernstate.net/||Poetic Thug & Romeo||Rhyme Cartel|Shabazz 3|Tha Homeboys||||||
Allfrumtha I|Bass Junkie|Claudinho & Buchecha|DJ Spooky||Four-Tay|Grandmaster Slice|Hassan, Umar Bin|||Kool G Rap & D.j. Polo|Lil` Troy|Maniak|Northside||Point B.l.a.c.k.||Rhymes Monumental|Shabazz The Disciple|Tha Kompound||||||
Alliance Ethnik|Bass Lo + Slo (Series)|Clay D|DJ Squeeky||Four-Two Tha Dome|Grav|Hot Action Cop ; http://www.hotactioncop.com/|||Kool Keith|Lil` Wayne ; http://www.lilwayne.com/|Manic Street Preachers|Norwalks Most Wanted||Point Blank||Rhys ; http//www.rhysrecords.com/|Shad-Rapp|Tha M.o.b.b.||||||
Allniters|Bass M.D.|Click|DJ Strictnine and Paranorm ; http//www.paranorm.com/||Fourteen Hz|Gravediggaz|Hardson, Tre ; http//www.trehardson.com/|||Kool Moe Dee|Lime|Manifesters ; http//www.manifesters.com/|Notorious B.I.G. ; http://www.notoriousonline.com/||Poison Clan||Rhythm & Green |Shadow Puppets|Tha OCT´z ||||||
Almamegretta|Bass Man|Click Tha Supah Latin|DJ T-Rock||Foxy Brown ; http://www.foxybrown.net/|Graveyard Soldjas||||Kory D.|Limp Bizkit|Mantronix|Notorious MSG, The ; http//www.notoriousmsg.com/||Pokafase ; http//www.pokafase.com/||Rhythmx|Shadowyze|Tha Truth||||||
Almighty Rso|Bass Master Ace|Clipse|DJ U-Neek||Frankie hi-nrg mc|Gravy Train!!!! ; http//www.rapbitches.com/||||Kottonmouth|Lincoln David|Marginal Prophets|Notorious Outlaw Jako James||Poochie||Rich|Shady Bizzness|Tha V-Boy Click||||||
Alpha Prhyme|Bass Master Kahn|Closed Caption|DJ Vadim||Franzen & Trace Dog|Great Scott ; http//www.emceegreatscott.com/||||Kottonmouth Kings ; http://www.kottonmouthkings.com/|Lington/Caldwell|Mario|Now That's What I Call Music (Series)||Pooh-Man||Richard Dedeaux & The Hemsley-Foster Project|Shadz Of Lingo|Themba||||||
Alphabet Soup|Bass Master Khan & Elements Of|Cloudhead|DJ Vic||Fraze|Greenwade||||Kraftwerk (Tribute)|Link|Mark B|Nu Groove Collective||Poonanny||Richie Rich|Shake 'Em|Third Frame||||||
Alter Egos ; http//www.checktheegos.com/|Bass Mekanik|Cmc's|DJ Wally||Freak Nasty|Greyboy||||Krayzie Bone|Lionrock|Mark J|Nu Reality Poetz||Poor Righteous Teachers||Ricky B.|Shakur, Tupac ; http://www.2paclegacy.com/|Third Legg||||||
Amad Jamal ; http//www.amadjamal.com/|Bass Mekanik 2|Cobra (Rap)|DJ Yutaka||Freddie Foxxx|Greyboy Allstars||||Kreators|Lique|Mark Mancina|Nu York Nu Skool (Series)||Pop Da Brown Hornet||Ricky J ; http://www.rickyj.net/|Shamus|This Is Bass (Series)||||||
Ambassadors Of Funk|Bass Outlaws|Cobra Command Center ; http//www.cobracommandcenter.com/|DMX||Freddie Fresh|Grimm Real||||Krewcial|Lissen|Marky Mark & The Funky Bunch|Nucci Rey-O ; http//www.nuccireyo.com/||Poppa Doo||Riff-Raff|Shana|This Is Trance 1 A.m.||||||
Amber|Bass Patrol|Cocoa Brovas|||Free Bass|Groove Garden||||Kris Kross|Litefoot|Marley Marl|Nuttso||Poppa Lq||Rik G|Shante|Threat||||||
American Dream (Series)|Bass Poets|Cocoa Brovaz|DMX Krew||Free James Brown Committe|Groove Theory||||Kronic Bass|Little Bruce|Martinez, Angie ; http://www.angiemartinezonline.com/|Nuwine||Porfessor Griff||River City Rebels|Shapeshifters|Three 6 Mafia ; http://www.triplesix.com/||||||
Amil|Bass Project|Code 3|Da Black Side Brown||Freeman, Shaun|Groove U||||Kronstudios ; http//www.kronstudios.com/|Little Phat J|Marvaless|Nuyorican Soul||Porno Bass Squad||Road Dawgs|Shaqueen|Three Eighty-Three Stroker||||||
Amon|Bass Quake|Cold Blooded|Da Bomb||Freestyle|Grooverider||||Krown Rulers|Little Voices of Praise|Marvelous J.c.|Nx||Post13 ; http//www.post13.com/||Rob Base|Shawn J|Three O Five||||||
Amyth|Bass Ryder|Cold Crush Brothers|Da Brat ; http://www.dabrat.com/||Freestyle (Series)|Grouch||||Krs One Vs Mc Shan|Live Human|Mase|Rich Nefari||Postmen||Robby C "The Infamous"|Shazz|Three Steps From Nowhere||||||
Analog Brothers|Bass Shock|Cold World Hustlers|||Freestyle Christmas|Groundbasics ; http//www.groundbasics.com/||||Krs-One ; http://www.krs-one.com/|Live at Future Primitive Sound Session (Series)|Mash Out Posse (M.O.P.) ; http//www.mop.sphosting.com/|||Potna Deuce||Robotic Storm Cloud|Shinehead|Three Times Dope||||||
Andre Nickatina ; http://www.andrenickatina.com/|Bass Syndicate|Coldcut|Da Bush Babees||Freestyle Fellowship|Group Home||||Krush|Livestock|Mass 187|Next Millenium, The||Power Supply||Robyn|Shiro|Three-O-N||||||
Anonymous|Bass Tech DXJ|Coleman & Coleman|Da Campaign||Freestyle Frenzy (Series)|Gucci Crew||||Ksquad|Livin' Proof|Massinfluence|The Noise||Pras||Roc Raida|Sho|Three-Two||||||
Anotha Level|Bass Transmission|Color Unconscious|Da Criminal||Freestyle Project|Gucci Crew II||||Kulcha Don ; http//www.kulchadon.com/|Living Legends ; http//www.llcrew.com/|Massiv|Neptunes ; http//www.clonesarecoming.com/||Prec.i.s.e. M.c.||Rocca|Shock-G ; http//www.shockg.com/|Thug Life||||||
Anti-Funky|Bass Tribe|Colored Section|Da Grassroots||Freestyle's Greatest Hits (Atlantic Series)|Gucci Crew II & D.m.f. 240||||Kumo|Llwybr Llaethog|Massive Attack|Nesian Mystik ; http//www.nesianmystik.com/||Precise||Rockers Revenge|Shon Bones|Thug Team ; http//www.thugteam.com/||||||
Anti-Pop Consortium|Bass Trip|Columbus Mob|Da Klik||Freestylers|Guce||||Kurious|Lo Down|Masta Ace|||Prefuse 73||Rodney O|Shootyz Groove ; http://www.shootyzgroove.com/|Thugz From Da Southside||||||
Anticon ; http://www.anticon.com/|Bass Unlimited|Coming Of Age|Da Lench Mob||Freight Elevator Quartet|Guerilla||||Kurtis Blow|Lo Kreepaz|Masta Ace Incorporated|||Pretty Baby||Rodney O & Joe Cooley|Shortbaby|Tieum Production||||||
Anttex|Bass Waves|Common ; http://www.com-mon.com/|Da Misses ; http//www.damisses.com/||Freq Nasty|Gugu||||Kurtis Blow Presents The History Of Rap (Series)|Loc Dog|Masta Killa|||Pretty Tony||Roll Wit Tha Flava|Shortee|Tim Dog||||||
Apache|Bassman & D.j. Lace|Company B|Da NASDAK ; http//www.danasdak.com/||Fresh Celeste|Guillotine||||Kurupt ; http://www.kurupt-online.com/|Loc'd Out Clique|Master Ace|||Pretty Willie ; http//www.prettywillie.com/||Rollin' Fox|Shortkut|Timbaland||||||
Apache Indian|Basswerk|Company Flow|Da Organization||Fresh Rap|Guilty As Charged||||Kwame & A New Beginning|Local 13 ; http//www.beatdownproductions.com/|Master L.d.|||Prime Kuts||Romeo And|Shoshyn|Timbaland & Magoo ||||||
Aphiliates|Battlestar|Compton's Greatest Rap (Series)|Da Survivorz||Freundeskreis|Gun||||Kwame The Boy Genius|Local H|Master O.C. From The Fearless|||Prime Minister Pete Nice & Dad||Romeo Ryonell|Showbiz & A.G.|Time Zone||||||
Aphrodelics|Bavu of Reelaktz|Compton's Most Wanted|Da Unda Dog||Friend|Gunshot ; http://www.gunshotuk.com/||||Kwest The Madd Ladd|Lock Down Inmates|Master P|||Primetime||Romey-Rome|Shug|Timelords||||||
Aphrodite|Bazoo|Comrads|Da Undaground Sound (Series)||From The Barrio With Love|Guru||||Kyper|Lockdown Correctional Facilities||||Prince||Ron C|Shyheim|Tina||||||
Apollo Bass|Be Gee|Concentration Camp|Da Vigilantiez||Frost|Guru`s Jazzmatazz ; http//www.houseofguru.com/||||Lil' Kim|Log Hog|Masterminds|||Prince Charming||Ronnie Ron|Shyne|Tka||||||
Apostle|BeBe Winans/CeCe Winans|Concrete Poetry|Da Youngsta's||Fu-Schnickens|Guy Called Gerald||||R. Kelly|Lois Lane|Max-A-Million|||Prince Paul ; http://www.princepaulonline.com/||Roots Manuva ; http//www.rootsmanuva.net/|Sick-Wid-It Compilation|To Be Continued...||||||
Applied Science ; http//www.appliedsciencemusic.com/|Beanie Sigel|Confrontation Camp ; http://www.confrontationcamp.com/|Da'x||Fuenfhaus Posse|Indo G||||KRU ; http://www.kru.com.my/|Loop Guru|Maximum Audio Biography (Series)|||||Ropeladder 12|Sicx|To Kool Chris||||||
Armed Forces|Beastie Boys ; http://www.beastieboys.com/|Conscious Daughters|Daddy D||Fugees|Jerry Granelli|||||Loop Troop|Maximum Boom For Your System (Series)|||Prince Rahiem||Rose Family|Side 2 Side|Toby T||||||
Arrested Development ; http://www.speechmusic.com/|Beat Dominator|Control Machete|Daddy O/Ant Man||Fully Loaded|Jimmy Giuffre||||Talib Kweli|Loose Screws|Maximum Hits (Series)|||Princess Superstar||Rough House Survivers|Siete Notas Siete Colores|Todd 1||||||
Arson Optics|Beat Junkies|Convicts|Daddy-O||Fun Da Mental|Johnny Griffin||||The Kingpins|Lootpack|Mayhem|||Pro-Shoppe ; http//www.pro-shoppe.com/||Roundtree|Sigel, Beanie|Todd Terry||||||
Arsonists|Beat Outlaws|Conway Brothers|Dafi Slain||Funk Daddy|Mike Griffin||||Toshi Kubota|Lopes, Lisa ; http://www.eyenetics.net/|Maze|||Prodigy of Mobb Deep||Royal C|Silent Groove ; http//www.thesilentgroove.com/|Toddy Tee||||||
Artifacts|Beelow|Coo Coo Cal|Daforce||Funk Mobb|||||Toshinori Kondo|Lord Finesse|Mc Chi Chi The Girls & Boo|||Professor X||Royal Crown Revue|Silicon|Tommy Boy's Greatest Beats (Series)||||||
Asante|Below Tha Surface|Cool Dre|Dafunkshun||Funkdoobiest|||||K-OS ; http//www.k-osmusic.com/|Lord Tariq & Peter Gunz|Mc Cool Rock & Mc Chaszy C|||Project 314||Royal Flush|Silkk The Shocker|Tone Capone||||||
Ashanti|Ben B. Hard|Cool E|Dahomlez||Funke Ray|Pee Gonzalez||||Kaos ; http//www.kaos.uk.com/|Lords Of The Underground|Mc Eiht|||Project Pat||Royce Da 5´9" ; http://www.kingroyce.com/|Simple Names Complicated Rhymes ; http//www.infamousproductions.net/|Tone Def Crew||||||
Asian Dub Foundation ; http://www.asiandubfoundation.com/|Ben Wa|Cool Et Sans Reproche|Damage||Funkmaster Flex ; http://www.funkmasterflex.com/|Reg E. Gaines|||||Los Donnenos|Mc J-Witt|||Project Wyze ; http://www.projectwyze.com/||Rp Cola|Simply Jeff|Tone-Loc||||||
Assassin|Benzino|Cool Nutz|Damu Ridas||Funkmaster Wizard Wiz|Savion Glover|||||Los Hurakanes|Mc Jr. Cas|||Proper Dos||Rubadub|Sin|Tonedeff ; http//www.tonedeff.com/||||||
Assorted Phlavors|Best Album In The World Ever (Series)|Coolbone|Dan the Automator||Funky Drummer|The Glory|||||Los Primos Mc|Mc Luscious|||Prophecy 1||Rubberoom|Sir Dyno|Tony D.||||||
Athletic Mic League ; http//www.athleticmicleague.com/|Best Of Bass (Series)|Coolio ; http://www.coolio.com/|Dana Dane ; http://www.danadane.com/||Funkytown Pros|GranDDaDDy, The|||||Lost Boyz|Mc Madness|||Prophet Posse||Ruff Ryders ; http://www.ruffryders.com/|Sir Jinx|Tony Infamous||||||
Audio 2|Best Of Rap|Coop Mc|||Furious D|Tony Guerrero|||||Lost Souls|Mc Nas-D|||Prophets of Rage||Ruffa|Sir Menelik|Tony J!||||||
Audio Stepchild ; http//www.audiostepchild.com/|Better Days|Corina|Dance NRG (Series)||Furthermore|G-Unit ; http://www.g-unitsoldier.com/|||||Lost and Found Generation ; http//www.lostandfoundgeneration.com/|Mc Overlord|||Proverb||Rufftown Mob|Sir Mix-A-Lot ; http://www.sirmixalot.info/|Tony Touch ; http//www.tonytouch.com/||||||
Auto & Cherokee|Bg's|Cormega ; http//www.cormegaonline.com/|Danesha/E40/Silk-E/Lil Grip||George Fenton|G.I. Joe Killaz ; http//www.gijoekillaz.com/|||||Louvette|Mc Rage|||Psk 13||Rufus Blaq|Sircle Of Sin|Tony! Toni! Tone!||||||
Automator|Bhc|Cornelius|Danga Zone||Jayo Felony|Goldie Lookin Chain ; http//www.youknowsit.co.uk/|||||Low Down|Mc Rockwell|||Psycho||Rujatti|Sirgeo|Too Much Trouble||||||
Avalanches ; http://www.theavalanches.com/|Big 5|Coro|Danger Bugzy Milana Shiny||Jim Farmer||||||Low Rider Magazine : Rap/Hip Hop Soundtracks (Series)|Mc Shy D|||Psychokinetics ; http//www.psychokinetics.com/||Run DMC.|Sisqo|Too Phat||||||
Average White Boys ; http//www.iyfproductions.com/|Big Al|Cosa Nostra|Dangerous Crew||John Forte||||||Lowlife|Mc Smart|||Psychoward||Ruscola|Sister Nation|Too Short ; http://www.tooshortworld.com/||||||
Awol One|Big Bear|Cosmic Conspiracy|Danny B.||Keith Floyd||||||Ltg Exchange|McGruff|||Pu-Tang Pam||Ruscola/Style/Terrence/Surface|Six One Dog|Top Authority||||||
Az (Rap) ; http//www.azmusiconline.com/|Big Boy|Cosmic Slop Shop|Danny D||||||||Lucas|McM & The Monster|||Public Enemy ; http://www.publicenemy.com/||Ruthless Juveniles|Sixto|Top Secret||||||
Az Yet|Big Brad|Count Bass-D|Dapadawn||Martin Franco||||||Ludacris ; http://www.ludacris.net/|Me & My Cousin|||Pumpkin||Rx Lord-N-Dj Fury|Ska Beats|Total||||||
Azarel ; http//www.azarel.net/|Big Bub|Coup|Dark Sun Riders||Michael Franti||||||Luke|Me One|||Punk Barbarians||Rx-Lord|Ska-Face Al Kapone|Total Concept||||||
Aztlan Nation|Big Chiefa|Coz|Darkroom Familia||Robert Ffrench||||||Luke (Luther Campbell)|Mean Gene|||Puppies||Ryde Or Die (Series)|Skarhead|Total Devastation||||||
Aoki, Brenda Wong|Big Corn|Crafty|Das Duale System||The Firm||||||Luke's Hall Of Fame (Series)|Meechie aka Bloa|||Puracane||Ryot|Skatemaster Tate & Concrete Cr|Total Insanity||||||
Charisse Arrington|Big Daddy Kane ; http://www.bigdaddykane.net/|Crash Crew|Das EFX||The Franchise||||||Lukie D|Meechy|||Pure Energy||Shabba Ranks|Skee-Lo|Total Look & The Style||||||
Christina Aguilera|Big Flav ; http//www.bigflav.com/|Crash N` Burn|Das EFX||Fannypack ; http://www.fannypack.net/||||||Lull|Mega Jon Bass|||Puz'lman||Shawn Rivera|Skin Deep|Totally Insane||||||
DJ Assault|Big Kap|Crazy Alice|Dash||||||||Lunasicc|Mel-Low|||Pxmxwx||Shawnie Ranx|Skinny Dog|Totally Tejano (Series)||||||
Dee Arthur|Big L|Crazy Sam & Da Verbal Assassin|Dat Boy Grace||||||||Lyric Inforca ; http//www.lyricinforca.com/|Melanie B|||Ray Price||Shorty Rogers|Skinny Pimp|Tracey King & The Cushites||||||
Edward Allen|Big Love|Cream|Davina||||||||Lysergik|Mellowbag|||Rocky Padilla||Teddy Riley|Skitzo|Tracey Lee||||||
Kilo Ali|Big Lurch|Cream (Rap)|Davis/Fresh Crew||||||||Michael Lington|Memphis Bleek|||Russ Parr||The Representativz|Skool Boys|Traedonya ; http//www.traedonya.com/||||||
A.K.A. The Big Dogg, Laze|Big Man Wayne|Creators|Davy DMX||||||||Michael Long||||||Roots, The ; http://www.theroots.com/|Skoota|Traffixx||||||
Lil' Amp|Big Mello|Creature Beach|Day Glo Crazies ; http//www.dayglocrazies.com/||||||||Mike Ladd|Memphis Underground Hustlaz|||Porn Kings, The||reMo´Conscious ; http//www.remoconscious.com/|Skull Duggery|Tragedy Khadafi||||||
Richard Anthony|Big Mike|Creep Dogg|Day Ta Day||||||||Mr. Lee|Men In Black (Related Recordings)|||Power Circle, The||RJD2 ; http//www.rjd2site.com/|Skuntdunanna|Transformers||||||
Tatyana Ali|Big Moe ; http://www.purplestuff.com/|Creeper Loco|Dayton Family||||||||Queen Latifah|Men Of Vizion|||Psycho Realm, The ; http://www.psychorealmonline.com/||Rumdogs Crew ; http//www.rumdogs.com/|Slab|Trapp||||||
The Apostle|Big Movie Star|Crime Boss|Daz & Soopafly||||||||Ray Luv|Menace Clan||||||Slamm Syndicate|Trav||||||
Yolanda Adams|Big Noyd|Criminal E & Underground Sam|Daz Dillinger||||||||Rod Laver|Menageri|||Willie Puckett|||Slammin' Sam|Travyesso||||||
Alliance Ethnik|Big Phat Ones Of Hip Hop (Series)|Criminal Element Orchestra|Dazzie Dee||||||||Spirit Level|Mentally Disturbed|||Panjabi MC ; http//www.panjabi-mc.com/|||Slapbak|Tre'mayne||||||
12 Gauge|Big Pun ; http://www.bigpunforever.com/|Crips|Dcp Organization||||||||The LOX|Merlin|||PR Terrorist ; http//www.prterrorist.com/|||Slave|Tre+6||||||
3X Krazy|Big Punisher|Criss|De La Soul||||||||Last Emporer, The|Messiah||||||Sleestack'z|Tre-8||||||
A Tribe Called Quest|Big Snap|Crist|De' Ice||||||||Last Poets, The|Messy Marv||||||Sleo|Treacherous Three||||||
|Big Syke|Critical Mood|DeVille||||||||Lemon Experience, The|Metabass||||||Slick Rick|Treasure||||||
Akolytes ; http//www.akolytes.com/|Big Tone|Crooked Eye Q|Dead At Birth||||||||Luniz, The ; http://www.theluniz.com/|Method Man ; http://www.method-man.com/||||||Slickhill|Treez 4 Life||||||
Akon ; http//www.akononline.com/|Big Tymers|Crooked Path|Dead Nation Crew||||||||Tracey Lee|Methods Of Mayhem||||||Slide Five|Tres||||||
Amount Boyz ; http//www.amountboyz.com/|Big U & The Madhouse Crew|Crooked Stilo|Dead Prez||||||||Tulio Laboriel|Metropolitan Freestyle Extravaganza (Series)||||||Slimm Calhoun ; http//www.slimmcalhoun.com/|Tres Equis||||||
Aztlan Underground ; http%3A//www.aztlanunderground.com/|Big Yoga Muffin|Crossphade Family|Dead Ringers||||||||Yo Lynch|Mettaforic||||||Slink Capone|Treva||||||
8.bliss ; http//www.OmnipresentRecords.com/|Biggest Bass Hits (Series)|Crosspulse|Deadly D||||||||Lee, Stagga ; http//www.stagga-lee.com/|Mexicano 777 ; http//www.mexicano777.com/||||||Slo-O ; http//www.slo-o.com/|Trey 8||||||
|Bigtima|Cru|Deadly Force||||||||Lil Ma ; http//www.lilmaworld.com/|Mg||||||Sloop The Gamestress|Trick Daddy ; http://www.thug.com/||||||
|Billy Goat|Crucial Conflict ; http://www.pallas-records.com/crucial.html|Deadly Snakes (Rap)|||||||||Mia X||||||Slow Pain|Tricki Nikki||||||
|Bishop|Crusaders For Real Hip Hop|Debbie Deb|||||||||Miami Boyz||||||Slum Village ; http//www.slumvillage.com/|Trickster||||||
|Bite The Bullet|Culcha Society|Deborah|||||||||Mic Geronimo||||||Sly & Robbie|Tricky||||||
|Bits N Pieces|Cut Chemist|Deborahe|||||||||Micah||||||Slyce|Trig||||||
|Biz Markie|Cutting's Ultimate Freestyle (Series)|Declaime|||||||||Michelobe||||||Small Town Killaz|Trigga Loc||||||
|Biznautics|Cyber Messiah|Dee, Angelina|||||||||Mickey||||||Smif N' Wessun|Trina||||||
|Bizzy Bone ; http//www.bizzy-bone.com/|Cyber-2|DeeJay Punk Roc|||||||||Mickey Unrapped||||||Smilez & Southstar ; http://www.smilezandsouthstar.com/|Trinere||||||
|Blaaze|Cypress Hill ; http://www.cypresshill.com/|Deep Concentration (Series)|||||||||Micranots ; http//www.micranots.com/||||||Smk|Trinere & Friends||||||
|Blac Haze|Cysion|Deep House Party (Series)|||||||||Mid-West Mafia||||||Smoke 'n' Fly|Trip Hop Nation (Series)||||||
|Blac Monks|Don Ceez|Def Bass Krew|||||||||Midnight Voices||||||Smokey Dee|Triple 6 Mafia||||||
|Black 9|Don Cisco|Def Dames|||||||||Mighty Maestro||||||Smokin Suckaz Wit Logic|Triple All-Stars ; http//www.scinobe.com/||||||
|Black Anger|Frankie Cutlass|Def Jam & Dj Aggravated|||||||||Mike City||||||Smokin' with Superman|Triple Trey Family||||||
|Black Attack||Def Jam Blaster|||||||||Mike Control ; http//www.mikecontrol.com/||||||Smooth Grooves: A Sensual Collection (Series)|Tropical||||||
|Black Bottom Collective|Imani Coppola|Def Jam Classics (Series)|||||||||Mike-E||||||Smooth Lou ; http//www.smoothlou.com/|Trouble Funk||||||
|Black Dave|Joe Coleman|Def Jam Music Group|||||||||Miketyrad||||||Smoothe Da Hustler|Tru-Gs||||||
|Black Dynasty|Linda Carriere|Def Jam Recordings (Series)|||||||||Mikki||||||Smoov-E ; http//www.smoov-e.com/|True Native Thugs ; http//www.natay.com/||||||
|Black Eyed Peas ; http://www.blackeyedpeas.com/|Mike Clark|Def La Desh & Fresh Witness|||||||||Mikolajewicz||||||Smoove D|True School Lyrical Lessons From The Rap Legends (Series)||||||
|Black Flag|Slimm Calhoun|Def Rap|||||||||Militia||||||Smut Peddlers|Truphunk Diciples ; http//www.truphunk.com/||||||
|Black Hole|Stanley Clarke|Def Squad|||||||||Millennium Party (Series)||||||Snap|Trurez Crew ; http//www.trurez.com/||||||
|Black Knowledge|Teddy Charles|DefCon 3 ; http//www.defcon3.uk.com/|||||||||Millionaire Entertainment||||||Snoop Dogg ; http://www.snoopdogg.com/|Trybesmen ; http//www.trybesmen.com/||||||
|Black LIB|Telly Cassinelli|Defari|||||||||Minamina Goodsong||||||Snow ; http://www.snowontheweb.com/|Tuaprinz||||||
|Black Mafia Family|The Cocoon|Deffwish|||||||||Mind Over Body||||||Snowboy|Tuff City Squad||||||
|Black Menace|Cannon, Nick ; http://www.nickcannonmusic.com/|Definition Of Brown|||||||||Minds of Mischief||||||Snubnoze|Tuff Crew||||||
|Black Mob Group ; http//www.blackmob.com/|Caushun ; http://www.caushunonline.com/|Del Tha Funkee Homosapien|||||||||Ming and FS ; http//www.mingandfs.com/||||||Snypaz|Turnable Bay||||||
|Black Moon|Chingy ; http://www.chingy.com/|Delinquent Habits|||||||||Mingo Fishtrap||||||So Plush|Tv||||||
|Black Mophia Clan|Cali Click Mob ; http//www.caliclick.com/|Delinquents|||||||||Minister Kaine||||||So So Def Bass All-Stars (Series)|Tweedy Bird Loc||||||
|Black Noyzz|Ciara ; http//www.ciaraworld.com/|Deltron 3030|||||||||Ministere Amer||||||Society Of Soul|Twenty Hz||||||
|Black Rhino|Cool-DJ.com ; http%3A//www.cool-dj.com/|Dem Boyz|||||||||Miracle||||||Softones|Twenty-2-Life||||||
|Black Rob|Counsil of the Sun ; http%3A//www.councilofthesun.com/|Democrates D|||||||||Miss Molly||||||Solace, The ; http//www.thesolace.net/|Twin Hype||||||
|Black Sheep||Department Of Crooks|||||||||Miss Sicks ; http//www.misssicks.com/||||||Sole|Twinz||||||
|Black Star||Depth Charge|||||||||Mission Man||||||Solsonics|Twista ; http://www.twista.net/||||||
|Black Uhuru||Deranged|||||||||Mission:||||||Somethin' For The People|Twiztid ; http://www.twiztid.com/||||||
|Blackalicious ; http://www.Blackalicious.com/||Destiny's Child|||||||||Missy Elliott ; http://www.missy-elliott.com/||||||Son Quinn/Cougnut/Big Mack|Two Hyped Brothers & A Dog||||||
|Blackface||Detrimental|||||||||Mista||||||Sondoobie|Two Low||||||
|Blackjack||Devin|||||||||Mista Madd||||||Sonny Spoon|Two Real||||||
|Blacknuss||Dialects ; http//www.dialectsmusic.com/|||||||||Mista Naked||||||Sons Of Funk|Two Sweet||||||
|Blackstar||Diamond|||||||||Mistic Click||||||Sonya C|Two Tan||||||
|Blackstreet||Diamond & Psychotic Neurotics|||||||||Mix Master G Flexx||||||Soulja Slim|Two Too Many||||||
|Blade||Dibiase|||||||||Mix Master Mike||||||Souljas Of Sorrow|Two Two Three Family||||||
|Blahzay Blahzay||Dice Raw|||||||||Mizmarevel||||||Souls Of Mischief|Two Without Hats||||||
|Blak Forest||Die Coolen Saeue|||||||||Mo Thugs||||||Sound Assembly|Two-Def||||||
|Blaxuede||Die Fantastischen Vier|||||||||Mobb Deep ; http://www.mobb-deep.net/||||||Soundbombing (Series)|Two-Minicanos||||||
|Blestenation ; http//www.blestenation.com/||Die Wahre Schule|||||||||Moe & Don ; http//www.buildingrecords.com/||||||Soundmaster T|Tyger Hill||||||
|Block Party (Series)||Diezzle Don & Govener|||||||||Molasses||||||Sounds of Blackness|Typical Cats||||||
|Blood||Digable Planets|||||||||Molotov||||||Soundtrack For A Century (Series)|Tyrell, Wesley J. ||||||
|BloodFang||Diggin' The Crates (Series)|||||||||Mona Lisa||||||South Boss Mafia|Tribe Called Quest, A ; http://www.atcq.com/||||||
|Bloodhound Gang||Digital Love Muscle|||||||||Monatomic||||||South Central Cartel|Triple Threat DJs ; http//www.triplethreatdj.com/||||||
|Bloods||Digital Underground|||||||||Money B ; http//www.moneyb.com/||||||South Circle|Triple X DJs ; http//www.triplexdjz.com/||||||
|Bloods & Crips||Dihibryd Cross ; http//www.dihybridcross.com/|||||||||Money Butt Naked||||||South City|Turntable Krash Dummiez ; http//www.krashdummiez.com/||||||
|Bloque||Dilated Peoples ; http://www.dilatedpeoples.com/|||||||||Money Mark||||||South Click|Turntable Monkz ; http//www.turntablemonkz.com/||||||
|Blowfly||Dillinger, Daz|||||||||Money-B||||||South Coast Syndicate|||||||
|Blu-j||Dime Bag|||||||||Moneytrain||||||South Park Mexican|||||||
|Blue Jam||Dimples D|||||||||Monifah||||||Southern Exposure|||||||
|Blue Rumi ; http//www.bluerumi.com/||Dirt|||||||||Montez||||||Southern Playas|||||||
|Blume||Dirtsman|||||||||Mood||||||Southside B.o.i.z.|||||||
|Blumentopf||Dirty Redd Productions|||||||||Moonshine||||||Southside Hustlers|||||||
|Bobby Brown||Dirty South|||||||||Moore Foundation ; http//www.themoorefoundation.com/||||||Southside Rider (Series)|||||||
|Body Count||Dis-N-Dat|||||||||Mos Def ; http://www.mosdefinitely.com/||||||Southsyde Connxshun|||||||
|Bomb The Bass||Disco & City Boyz|||||||||Mossie||||||Soyle|||||||
|Bomb Threat||Disco D vs. Paradime|||||||||Most Chill Slackmob ; http//www.slackmob.com/||||||Spaceship Eyes|||||||
|Bone Thugs-N-Harmony ; http://www.bonethugsnharmony.com/||Disco Fever|||||||||Most Hated||||||Spade Ghetto Destruction|||||||
|Boney Bones||Disposable Heroes Of Hiphoprisy|||||||||Motorbaby||||||Spanish Fly|||||||
|Boo-Yaa T.r.i.b.e.||Distinct Elemintz|||||||||Mountain Brothers ; http://www.mountainbrothers.com||||||Sparky-D|||||||
|Boodah & The Bandit||Divine Styler|||||||||Movement||||||Spearhead|||||||
|Boogaloo Michael Boyer||Dj Aladdin|||||||||Mr. Cheeks ; http//www.mrcheeks.net/||||||Special Ed|||||||
|Boogie Down Productions||Dj Ani Presents Breakbeat Biol|||||||||Mr. Complex ; http//www.mrcomplex.com/||||||Spectre|||||||
|Boogiemonsters||Dj Bass Boys|||||||||Mr. Coop||||||Speech ; http//www.speechmusic.com/|||||||
|Boom Tube||Dj Charlie Chase|||||||||Mr. D||||||Spice 1|||||||
|Boomtube||Dj Curly|||||||||Mr. Doctor||||||Spice1|||||||
|Boot Camp Clik||Dj Deep|||||||||Mr. International||||||Spittin' Lingo|||||||
|Bootleg||Dj Efx|||||||||Mr. Ivan||||||Splack Pack|||||||
|Bootleg Booty (Series)||Dj Fury|||||||||Mr. Jae||||||Split Personality|||||||
|Booty Bass (Series)||Dj Good|||||||||Mr. King George||||||Spooks|||||||
|Booty Mix (series)||Dj Jimi|||||||||Mr. Ku||||||Spoonie Gee|||||||
|Born 2B||Dj Kizzy Rock|||||||||Mr. Lil One||||||Sport-Tee-Kev|||||||
|Born Jamericans||Dj Knight|||||||||Mr. Magic's Rap Attack||||||Sporty|||||||
|Boss||Dj Lil Les|||||||||Mr. Mike||||||Sporty T|||||||
|Boss T||Dj Mark The 45 King|||||||||Mr. Mixx & Da Roughneck Posse||||||Sporty Thievz|||||||
|Bossman & Blakjak||Dj Mouche|||||||||Mr. Money Loc||||||Squad Life ; http//www.squadlife.com/|||||||
|Bounce||Dj Nasty Knock|||||||||Mr. P Chill ; http//www.mrpchill.com/||||||Squeegee|||||||
|Bounty Killer||Dj Nite|||||||||Mr. Pookie||||||Squirrel|||||||
|Bounty Killer/Rahsun & Skeeta||Dj Nite & Playa G|||||||||Mr. Rogers AKA Coleon||||||St. Lunatics ; http://www.st-lunatics.com/|||||||
|Bow Wow ; http://www.lilbowwow.com/||Dj Pooh|||||||||Mr. Rozzi||||||Star Profile (Interview Series)|||||||
|Bowery Electric||Dj Quad|||||||||Mr. Sandman||||||Starr, Kinnie ; http//www.kinniestarr.com/|||||||
|Boys From The Bottom||Dj Quick Rick|||||||||Mr. Serv-On||||||State Of Cykosis|||||||
|Boyz II Men||Dj Red Alert|||||||||Mr. Shadow||||||Steady B|||||||
|Brand New Heavies||Dj Remixes Of Topaz/Fabiano|||||||||Mr. Small||||||Steady Mobb'n|||||||
|Brand Nubian||Dj S & S|||||||||Mr. Stinky||||||Steph De & The 'g' Squad|||||||
|Bread & Butter||Dj Spanxx|||||||||Mr. Walnut||||||Stereo MC's|||||||
|Breakdown||Dj Stag|||||||||Mr. Wesside||||||Stetsasonic|||||||
|Bright||Dj Taz|||||||||Mr.Benjamin||||||Stevie Wonder (Tribute)|||||||
|Brohamm||Dj Tiny T & Dog Pound|||||||||Ms. Jade ; http://www.msjade.com/||||||Stezo|||||||
|Brooklyn Funk Essentials||Dj Trajic|||||||||Ms. Neka||||||Sting|||||||
|Brooks, Robert ; http://www.robertbrooks.com/||Dj Trans|||||||||Ms. Parle||||||Storm & Stone|||||||
|Bros. Grimm ; http//www.brosgrimm.net/||Dj Uncle Al|||||||||Ms. Tee||||||Str8-G|||||||
|Brotha Lynch Hung||Dj's Wally & Swingsett/Rainer|||||||||Mudkids||||||Straight From The Streets|||||||
|Brother-Hood Nation||Djeli Moussa Diawara|||||||||Muja Messiah||||||Strainj|||||||
|Brothers Uv Da Blakmarket||Dlp|||||||||Mums the Word||||||Strait|||||||
|Broun Fellinis||Dmg|||||||||Munet||||||Stranded|||||||
|Brown Intentions||Dms|||||||||Murder Inc.||||||Street Jams (Series)|||||||
|Brown Pride||Do Or Die|||||||||Murderers||||||Street Military|||||||
|Brownside||Doctor Dre & Ed Lover|||||||||Murdersquad||||||Street Platoon ; http//www.streetplatoon.com/|||||||
|Brownskin||Dodgers|||||||||Musclehead||||||Street Poets|||||||
|Bubba Sparxxx ; http://www.bubbasparxxx.com/||Dog House Posse|||||||||Mushtaq ; http//www.mushtaq.co.uk/||||||Street Thugs|||||||
|Buck 65 ; http://www.buck65.com/||Dogg Pound Posse|||||||||Musiq||||||Streetbeat Krew|||||||
|Buckshot||Doggy's Angels|||||||||Mutiny||||||Strict Flow ; http//www.strictflow.com/|||||||
|Buckshot LeFonque||Dogs|||||||||My Time||||||Strings ; http//www.stringsthing.com/|||||||
|Buddha Monk||Dolio the Sleuth ; http//www.dsleuth.com/|||||||||Mya||||||Strip Jointz (Series)|||||||
|Budwiza||Domino|||||||||Myango||||||Strong A.R.M.|||||||
|Bugs||Domino/Nme & Grench The Mean 1|||||||||Mykill Miers||||||Studio Ton|||||||
|Bullitnuts||Don P|||||||||Mystical Music Experience (Series)||||||Styles From The Under ; http//www.stylesfromtheunder.com/|||||||
|Bum||Doomsday Productions|||||||||Mystidious Misfits||||||Styles of Beyond|||||||
|Bumpus||Dope On Plastic! (Series)|||||||||Mystik Journeyman||||||Suave Dre|||||||
|Buried Alive||Dope Poet Society|||||||||Mystikal||||||Sub-Zero|||||||
|Bush||Dope Trax (Karaoke Series)|||||||||Myzery||||||SublymeRhyme ; http//www.sublymerhyme.com/|||||||
|Bushwick Bill||Dot Matrix ; http//www.dotmatrix.tv/|||||||||Nick Meze||||||Subterranean Hitz (Series)|||||||
|Bust Down||Double X|||||||||||||||Suburban All-Stars ; http//www.suburbanallstars.com/|||||||
|Busta Rhymes ; http://www.bustarhymes.com/||DoubleFresh|||||||||Pete Miser||||||Such A Surge|||||||
|Bustin' Melonz||Doug Duffey|||||||||Mack, Pimp-P ||||||Sudden Rush|||||||
|Busy Bee||Dove Shack|||||||||Plastilina Mosh||||||Suga Free|||||||
|Buttasof||Down 'n Dirty|||||||||Rea Mochiach||||||Suga T|||||||
|Butter||Down Low|||||||||||||||Sugar Daddy|||||||
|Cheeky Blakk||Down Sindrome|||||||||Shelly Manne||||||Sugar Hill|||||||
|Chuck Burnz||Down To The Bone|||||||||Tha Mexakinz||||||SugarBuzz|||||||
|||Dr. Dre ; http://www.dre2001.com/|||||||||The Moments||||||Sugarhill Gang|||||||
|David Beloved||Dr. Octagon|||||||||Tina Moore||||||Sugbear|||||||
|David Burrill||Drag-On ; http//www.drag-online.com/|||||||||Tony Marino||||||Suice|||||||
|Erykah Badu||Dragon Ash|||||||||Trey Max||||||Sumthin' Serious|||||||
|||Drakes|||||||||Wayne Marshall||||||Sunz Of Man|||||||
|Foxy Brown||Drama|||||||||Zane Mark||||||SupaFriendz ; http//www.flavatown.com/|||||||
|||Drastik|||||||||Major, Otha L. ; http//www.othamajor.com/||||||Super Mr. Marvelous|||||||
|Branch III, Harold Gregory||Dre Dog|||||||||MC Text ; http//www.emceetext.com/||||||Supergroove|||||||
|James Brown||Dream Warriors|||||||||Mick Boogie ; http//www.mickboogie.com/||||||Supermack|||||||
|John Bennett||Dred & Rhymsters|||||||||Mr. Len ; http//www.dummysmacks.com/||||||Supreme Nyborn|||||||
|Blair, Johnny J.||Drop City Dj's|||||||||MTZ Adogg ; http//www.mtzadogg.com/||||||Sureshot|||||||
|Jon B||Dru Down|||||||||Murphy Lee ; http//www.murphyleemusic.com/||||||Sway & King Tech|||||||
|Kobe Bryant||Dru Hill|||||||||Myztery-n-Sneek ; http%3A//www.myztery-n-sneek.com/||||||Swc Click|||||||
|Brown & Groove Hall, Kofy||Drum Machine Technicicians|||||||||||||||Sweet P|||||||
|Kurtis Blow||Dubb, Kirk ; http//www.kirkdubb.com/|||||||||||||||Sweet Sable|||||||
|MC Blvd||Dubee|||||||||||||||Swift|||||||
|Barman, MC Paul||Duke|||||||||||||||Swollen Members|||||||
|Mac Brown||Duke Robillard|||||||||||||||Swoop G|||||||
|Blige, Mary J.||Dungeon Family|||||||||||||||Sy Smith|||||||
|||Dush Tray|||||||||||||||Sykes|||||||
|Mia Boyle||Dusk Til Dawn|||||||||||||||Sylk-E. Fyne|||||||
|||Dynamic Syncopation|||||||||||||||Sylvia Simone|||||||
|Richard Blackwood||Dynamic Twins|||||||||||||||Theodore Shapiro|||||||
|Sam Bostic||Dynamite|||||||||||||||Will Smith ; http://www.willsmith.com/|||||||
|Santana Black||Dynamite Hack|||||||||||||||Str8 Young Gangstaz|||||||
|Spragga Benz||Dynamix II|||||||||||||||Sarai ; http://www.saraimusic.com/|||||||
|Stomy Bugsy||Dynasty|||||||||||||||Sheek Louch ; http://www.sheeklouch.com/|||||||
|B.U.M.S., The||Dynomite D|||||||||||||||Sister Souljah ; http://www.sistersouljah.com/pages/1/index.htm|||||||
|The Beatnuts||Dyslexics, The ; http//www.thedyslexics.com/|||||||||||||||Sticky Fingaz ; http://www.stickyfingazmusic.com/|||||||
|Black Kingz "GETOCHILD", The||Dystopia|||||||||||||||Santana, Juelz ; http//www.juelz.com/|||||||
|Blue Noise Remix Project, The||Edmond Daniels|||||||||||||||Skrabble ; http//www.spitnight.com/|||||||
|The Boondocks|||||||||||||||||Stevedood ; http//www.stevedood.com/|||||||
|Vell Bakardy||Ira Davis|||||||||||||||Street Legacy ; http//www.streetlegacy.com/|||||||
|Vincent Bingham||De La Raza, James|||||||||||||||Sykes, Arnie ; http//www.arniesykes.com/|||||||
|William Burroughs||Jan Daley||||||||||||||||||||||
|||Janelle Donovan||||||||||||||||||||||
|Bad Posse||Jay Dee||||||||||||||||||||||
|||Jermaine Dupri ; http://www.jermainedupri.com/||||||||||||||||||||||
|Brainwash Projects||Joe Doja||||||||||||||||||||||
|Baby Bash ; http://www.babybashmusic.com/||Kazy D||||||||||||||||||||||
|Budden, Joe ; http://www.defjam.com/joebudden/||Kenny Dope||||||||||||||||||||||
|Battle Sounds ; http//www.battlesounds.com/||Louie Devito||||||||||||||||||||||
|Beatsquad ; http//www.beatsquad.com/||Mac Dre||||||||||||||||||||||
|Bohemia ; http//www.thepunjabirapper.com/||Mike D'Zire||||||||||||||||||||||
|Buddha Full Rymez ; http//www.buddhafullarymez.com/||Mikey Dread||||||||||||||||||||||
|Bullet Proof Space Travelers ; http%3A//www.bulletproofspacetravelers.com/||Miles Davis||||||||||||||||||||||
|Bumblebeez ; http%3A//www.thebumblebeez.com/||Dick, Mo B. ||||||||||||||||||||||
|||Mos Def||||||||||||||||||||||
|||Nancy Drescher||||||||||||||||||||||
|||Nate Dogg||||||||||||||||||||||
|||Da Grouch, Oscar||||||||||||||||||||||
|||||||||||||||||||||||||
|||De'Clouet, Theryl||||||||||||||||||||||
|||De Gracia, Tiro||||||||||||||||||||||
|||||||||||||||||||||||||
|||Web Davis||||||||||||||||||||||
|||Young Deenay||||||||||||||||||||||
|||dub-L||||||||||||||||||||||
|||Da Band ; http://www.daband.com/||||||||||||||||||||||
|||Dizzee Rascal ; http://www.dizzeerascal.co.uk/||||||||||||||||||||||
|||DJ Kay Slay ; http://www.djkayslay.com/||||||||||||||||||||||
|||DJ Qbert ; http://www.djqbert.com/||||||||||||||||||||||
|||DJ Quik ; http://www.dj-quik.net/||||||||||||||||||||||
|||DJ Screw ; http://www.screweduprecords.com/||||||||||||||||||||||
|||DMX ; http://www.dmxlife.com/||||||||||||||||||||||
|||DJ Bombjack ; http//www.djbombjack.com/||||||||||||||||||||||
|||DJ Carze Ase ; http//www.djcrazyase.com/||||||||||||||||||||||
|||DJ Cue ; http//www.djcue.com/||||||||||||||||||||||
|||DJ Danger Mouse ; http//www.djdangermouse.com/||||||||||||||||||||||
|||dj Flip ; http//www.djflip.be/||||||||||||||||||||||
|||DJ Green Lantern ; http//www.djgreenlantern.com/||||||||||||||||||||||
|||DJ Head ; http//www.djhead.com/||||||||||||||||||||||
|||DJ Jazzy Joe ; http//www.jazzyjoe.com/||||||||||||||||||||||
|||DJ Mayhem ; http//www.djmayhem.net/||||||||||||||||||||||
|||DJ Rebel ; http//www.djrebelentertainment.com/||||||||||||||||||||||
|||DJ Semtex ; http//www.djsemtex.net/||||||||||||||||||||||
|||DJ Snoopy ; http//www.djsnoopy.com/||||||||||||||||||||||
|||DJ Wicked ; http//www.justplainterror.com/||||||||||||||||||||||
|||DJ Z Trip ; http://www.djztrip.com/||||||||||||||||||||||
|||dub-L ; http//www.dub-l.com/||||||||||||||||||||||
