10-9-Tus|B. Joe  ; http://www.b-joe.com/|C Pop ; http://www.c‑pop.dk/|D:Code ; http://www.d.code.person.dk/ |E.P.O.|Fabulous Rock'n'roll Band, The ; http://www.fabs.dk/|Gamle Mand og Havet, Den  ; http://www.theoldman-and-thesea.com/|H2so4 |Ib The Prune ; http://www.ibtheprune.dk/|Jack Cannon & The Sidefills|Kantarel|La Bondage;, http://www.labondage.dk/|M-A-P|N`evergreen ; http://www.nevergreen.dk/|...og hans løkke ; http://www.oghansloekke.dk/|P.h.D|Queen Show feat. Killer Queen ; http://www.killerqueen.dk/|R*A*C|Safran ; http://www.safran.nu/info.html|T‑Law ; http://www.t‑law.dk/|Ulrikkeholm, Majbritte|Vano Mills ; http://www.knracing.dk/vanomills/ |Wake, The|X'Plain ; http://www.xplain.dk/|Yasmin|Zapp Zapp ; http://www.eranndd.com/music/discography.asp|Ørenlyd ; http://www.orenlyd.com/||Åberg  ; http://www.aberg.dk/
10 Feet Tall|Baal ; http://www.baal.dk/ |ca8,3|D:A:D ; http://www.d‑a‑d.dk/|ECHand|Faith No More ; http://www.fnmjam.dk|Gangway ; http://www.click2music.dk/kunstnere.asp?id=166|Hackensack ; http://www.hackensack.dk/|Ibens ; http://carstenlykke.dk/|Jack Frost|Karen ; http://www.k‑a‑r‑e‑n.dk/|Labrador ; http://www.labrador.dk/ |Mabel ; http://www.rockdoc.dk/art10072.html|N´Stuff ; http://www.nstuff.dk/|Oasis Jam|P.O.R.N|Quo ; http://www.quo.dk/|Racetrack Babies ; http://www.racetrackbabies.dk/|Safri Duo ; http://www.safriduo.dk/|Taaq|Unafraid ; http://www.unafraid.dk/ |Varitation|Walk The Walk|Xantom  ; http://www.xantom-online.dk/|Yellowbellies ; http://www.yellowbellies.dk/|Zeebra|Østkyst Hustlers ; http://www.hustlers.dk/||Ålborg Fredsorkester
12Gauge|Baby Woodrose  ; http://www.babywoodrose.com/|Cactus Circle|Dacapoband ; http://dacapoband.dk/|Eddie Mudbug & The Mean Cleaners ; http://www.mudbug.dk/bandet1b.htm|Falden Rysgaard|Garbo ; http://www.garbomusic.com/|Hair|Ikke Noget|Jaguar  ; http://www.jaguarsite.dk/|Karen Busck ; http://www.karenbusck.dk/|Lady Lazarus ; http://www.ladylazarus.dk/|Mac P´sens ; http://www.macpsens.dk/|Naïve|Obstinate Esther  ; http://www.obstinate.dk/|Pace ; http://www.soundofpace.dk/|Quote Pop|Racing Ape ; http://www.racingape.com/|Sakura|Tadzio ; http://www.tadzio.dk/|Uncle Franks Rash ; http://www.unclefranksrash.dk/ |Vat 69|Walkers ; http://www.walkers.dk/|Xeniax ; http://www.xeniax.dk/|Yesterday|Zentury|||
18th Dye|Back To 65 ; http://www.back‑to‑65.dk/|Cainable ; http://www.cainable.dk/|Dahn ; http://www.dahn.net/|Edisons |Fake Air|Gardelli ; http://www.gardelli.dk/|Hairspray Queens  ; http://www.hairsprayqueens.dk/|Illeborg, Laura|Jain|Karl Gade|Laid Back ; http://www.laidback.dk/|Mach, Rikke ; http://www.rikkemach.dk/ |Naked|Octavia ; http://listen.to/octavia/|Pale ; http://www.pale.dk/|Quote Unquote  ; http://www.babel.dk/quote/|Rag City Dolls  ; http://www.ragcitydolls.com/|Salem ; http://www.houseofsalem.dk/index_flash.html|Taggy Tones ; http://www.taggytones.dk/ |Under the Moon|Vegas, Lisa ; http://www.lisavegas.dk/|Wanderlust ; http://www.wanderlust.nu/ |Xoxo|You Know Who|Zeppelin Experience ; http://www.zeppelinexperience.com/|||
2late ; http://www.2late.dk/|Back In Black ; http://www.asgardbrew.dk/|Camarco ; http://www.camarco.dk/|Daily Me ; http://www.dailyme.dk/|Educe |Far Out|Garden Nine |Halberg‑Larsen ; http://www.poulhalberg.dk/  |Immigrants, The|Jame|Karma Bliss ; http://www.karmabliss.com/|Lake Placid ; http://www.lakeplacid.dk/ |Mad Parker ; http://www.madparker.dk/ |Naked Fish ; http://www.nakedfish.dk/|Odd Gallery|Pale Imitation Of Love||Raid|Sand, Ivan  ; http://www.ivansand.dk/|Tambu|Underbyen ; http://www.underbyen.dk/|Velvet|Warm Guns|XPY ; http://www.xpy.dk/ |Young Flowers|Zero|||
20 Pearls for Liza ; http://www.liza.dk/|Back to black  ; http://www.backtoblack.dk/|Campsite ; http://www.campsite.st/|Dalton|Effi & Eliten|Fat-Fingers ; http://www.fat-fingers.com/|Garn|Halfdan E. ; http://www.halfdane.dk/|Impish|James Brown Jam ; http://www.jamesbrownjam.dk/|Karvax ; http://www.it‑c.dk/~cp/karwax/ |Lampshade ; http://www.lampshade.dk/|Mads Bloch Band ; http://www.madsblochband.dk/|Naked on stage ; http://www.kusk‑events.dk/artist/nakedonstage.htm|Offbeat|Palooka ; http://www.palooka.dk/||Rainfull Years, The|Sandmen, The |Tatar  ; http://www.pnohnen.dk/tatar/tekst.htm|Underdogs, The|Venice|Waterline ; http://www.waterlines.dk/||Ystad|Zeven ; http://www.zeven.dk/|||
3Plus|Back to Back ; http://www.backtoback.dk/|Camille Jones ; http://www.camillejones.dk/|Damm, Lis ; http://www.rockdoc.dk/art10047.html|Efraim|Fazill ; http://www.fazill.com/|Gasolin|Hallå Kool ; http://www.hallaakool.subnet.dk/#|Incoming|James Sampson ; http://www.jamessampson.dk/|Kashmir ; http://www.kashmir.dk/|Langborg, Malene  ; http://www.malene.dk/|Maggots, The|Nalle ; http://www.danskmusik.com/dmfbook/rock/html/rock_nalle.html|Offroad ; http://www.offroad‑band.dk/|Pan||Ramparts|Sanne Gralund ; http://www.sannegraulund.dk/ |Taurus|Underholdet ; http://www.underholdet.dk/|Venus|W.A.T.H.|||Zididada ; http://www.zididada.com/|||
30 Inch Dog|Back Soon|Candlespark ; http://www.candlespark.dk/|Damon Coward and the Comedians ; http://www.coward.dk/|Elisabeth ; http://www.elisabeth.dk/start.html|Fear of Music ; http://www.fearofmusic.dk/main.html|Gas4you ; http://www.gas4you.dk/Gas4you/|Hamburger Sally|Incontinence|Janes Rejoice|Kasper Vinding|Larry Nelson ; http://www.larrynelson.dk/|Magtens Korridorer ; http://www.magtenskorridorer.dk/|Nanna  ; http://www.myspace.com/nannaluders|OK Kings|Park the bench||Randi Laubek ; http://www.randilaubek.dk/|Sanne Salomonsen ; http://www.sannesalomonsen.dk/|Tears|Unholy|Veranda|Walk The Dog ; http://www.walkthedog.dk/|||Zillmer ; Pernille|||
30es, The|Bad Boys of Boogie ; http://www.badboysofboogie.dk/|Cannibals|Dan Klarskov ; http://www.klarskov.net/|El Ray ; http://www.elray.dk/|Fevre, Henrik ; http://www.henrikfevre.dk/|Gatsby ; http://www.gatsby‑band.dk/|Hamilton, Michael  ; http://www.michaelhamilton.dk/|Indigo Sun ; http://www.indigosun.dk/|Janosch ; http://www.playrec.dk/janosch/|Kavita|Lars Danielsson ; http://www.larsdanielsson.dk/|Make MyDay|Napoleon Solo  ; http://www.napoleonsolo.dk/|Olafsson, Finn  ; http://www.olafssongs.dk/|Parkering Forbudt||Random Footprint ; http://www.randomfootprint.com/|Saranoah |Tears For Jeanie ; http://www.tearsforjeanie.dk/|Unrefined  ; http://www.unrefined.dk/|Vestergaard, Lasse  ; http://www.lassevestergaard.dk/|Walther & Haines Trio|||Zindy ; http://www.zindy.dk/|||
4-play ; http://www.4‑play.dk/|Bad Monday ; http://www.badmonday.dk/|Capitalism|Dan Skotvig|El Video ; http://www.elvideo.dk/|FFWitt|Get Off ; http://getoff.dk/site|Hanbajerne|Infocent|Jaraspiers ; http://www.jaraspiers.puz.dk/|Kaya ; http://www.kayabruel.dk/|Lars Lilholt Band ; http://www.larslilholtband.dk/ |Malene Longborg |Natmaskinen ; http://www.natmaskinen.dk/|Old Spice ; http://www.oldspice.dk/|Parlermo Surf Experience, The||Rasmus Hedeboe ; http://www.rasmusic.dk/|Sarcasm  ; http://www.sarcasm.dk/|TechRockRap  ; http://www.techrockrap.1go.dk/|Unseen Addiction ; http://www.unseenaddiction.com/ |Vesterskov, Michael|Waves, The|||Zynergy ; http://www.zynergy.dk/|||
5.Avenue|Backseat ; http://www.juhu.dk/ivan/|Caracas|Dandy Swingers|Elephant Poetry  ; http://www.elephantpoetry.com/|Fiber|Gianina ; http://www.gianina.dk/|Hancats ; http://www.hancats.dk/|Ingvordsen, Kynne|JayBee ; http://www.jaybee.dk/|Kellermann, Lone|Lars Muhl ; http://www.larsmuhl.com/|Malle Travellin´ Band ; http://www.malletb.dk/|Natural Born Hippies ; http://www.popshit.dk/|Older Than Before ; http://www.before.dk/|Party Animals ; http://www.partyanimals.dk/||Rasmussen, James|Sascha Dupont ; http://www.saschadupont.com/ |Temple X44|URD|Vestjydsk Rock Kapel ; http://www.vrk.internet.dk/|Way Back When|||ZZ TOP Jam ; http://www.zz‑top‑jam.dk/|||
7"Rockers  ; http://www.7inchrockers.com/|Bacon ; http://www.baconband.dk/|Caravans, The |Danish Sharks, The     |Elektrikalorius ; http://www.elektrikalorius.com/|Fields Of Neglected Times|Gibberish|HandPainted ; http://www.daimi.au.dk/~elmer/hp/|Innocent Blood ; http://www.innocentblood.dk/ |Jay Kid ; http://www.jaykid.dk/|KennethsFarm|Lasse Lindorff ; http://www.lindorff.dk/|Malurt ; http://www.falch.dk/falch/|Nectar|Old Man And The Sea|Party Patrol ; http://www.partypatrol.dk/||Ray Dee Ohh|Sasha Bach ; http://www.sashabach.com/|Ten a.m.  ; http://tenam.dk/|Utah|Vestjydsk Veteranband ; http://www.the‑djangoes.dk/|West Boys||||||
|Bagdad Dagblad  ; http://www.bagdaddagblad.dk/|Cardiac ; http://www.mymusic.dk/bands/Cardiac‑Arrest/?vis=profil|Dansekompagniet ; http://www.dansekompagniet.dk/|Element|Fielfraz ; http://www.myspace.com/fielfraz|GilGonGo ; http://www.gilgongo.dk/|Hangovers ; http://www.leftovers.dk/|Inside The Whale|Jeanett Debb ; http://www.jeanettdebb.dk/ |Kick The Kangaroo ; http://www.kickthekangaroo.com/|Late Night Radio|Mama said ; http://www.mamasaid.dk/ |Neal Brophy Band & Fiddler On The Hoof|Ole Boskov  ; http://www.boskov.dk/ |Patriz ; http://www.patriz.dk/||Reaxion ; http://www.reaxion.dk/|Savage Affair ; http://www.savageaffair.dk/|Tenderloud  ; http://www.tenderloud.dk/|Untamed, The ; http://www.theuntamed.dk/|Via|Westergaard, Lasse||||||
A Wonderful Garden|Bahnhof|Caroline Henderson ; http://www.carolinehenderson.com/|Danseorkestret ; http://www.danseorkestret.dk/ |Elopa  ; http://www.elopa.com/|Final Wham, The  ; http://www.thefinalwham.dk/|Girlfriends|Hans Jørn Østerby ; http://www.hansjornosterby.dk/ |Inside Trading|JEEL|Kim Larsen ; http://www.kjukken.dk/|Latin Dance Band  , http://www.latindanceband.dk/|MAN|Neighbours ; http://www.neighbours.dk/|Olesen‑olesen ; http://www.olesen‑olesen.dk/|Passion Orange||Recoil|Savage Rose ; http://www.savagerose.com/ |Tennis||Vicias Passion ; http://www.vicious‑passion.dk/|What´s That Sound||||||
A.P. Møller Band|Balance  ; http://www.balancemusic.dk/|Carpark North ; http://www.carparknorth.com/ |Danser med drenge ; http://www.dansermeddrenge.dk/|Eloquent ; http://www.eloquent.dk/|Finally ; http://www.finally.dk/|Gloom ; http://www.gloom.dk/index.htm |Hans Knudsens Plads ; http://www.hansknudsensplads.dk/|Insidious Torment ; http://www.insidioustorment.com/|Jeremiah ; http://www.jeremiah.dk/|Kim Schwartz ; http://www.kim‑schwartz.dk/|Law, The|Mannotmachine|Nekromantix  ; http://www.nekromantix.com/|Olsen, Allan  ; http://www.allanolsen.dk/|Peaches & Bobo||Red Hot Chili Peppers JAM , http://www.redhotjam.dk/|Saybia ; http://www.saybia.dk/|Terji Messell ; http://www.terjimessell.dk/||Villa ; http://www.villaband.dk/ |WhenHipposLaugh , http://www.whenhipposlaugh.dk/ ||||||
Ab I Nitio|Ballet Mecanique  ; http://www.martinhall.com/diskografi.asp|Carpe Diem ; http://carpediempunk.dk/|Darkland|ElvisShow ; http://www.elvisshow.dk/main.htm|Finders Keepers ; http://www.finderskeepers.dk/ |Gnags ; http://www.gnags.dk/ |Happy Harriet|Insight|Jesters, The|Kindergarden Jam|Lea Nielsson ; http://nilsson.adr.dk/ |Mantric Muse ; http://www.mantricmuse.tavshed.dk/|Nephew ; http://www.nephew.dk/|On Elvis|Peak||Red Squares|Scannelyze Mizz Annelyze|That´s why||Vildensky ; http://www.vildensky.dk/|Who Brought The Bitch ; http://www.wbtb.person.dk/||||||
ABBA ‑ On The Road Again ; http://www.abba‑ontheroadagain.dk/ |Bamboo Brothers |Carsten Lykke ; http://www.carstenlykke.dk/|Darleens ; http://www.darleens.dk/|En Romhandlers Farvel|Finn Iversen|Godless Wicked Creeps ; http://www.godlesswickedcreeps.com/|Happiness ; http://www.happiness.dk/|In spite of me ; http://www.inspiteofme.com/|Jetsons Avenue|King Foo ; http://www.kingfoo.dk/|Le Freak ; http://www.lefreak.dk/|Maria Montell ; http://www.mariamontell.dk/|Nerve|On Location ; http://www.onlocation.dk/|Peggy O Pee ; http://www.peggyqpee.dk/||Regulataz|Scarlets, The|THAU||Vi Unge Live ; http://www.viungelive.dk/|Who´s Sorry Now||||||
Abba Revivel Band,|Bamses Venner ; http://www.bamsesvenner.dk/|Cartoons|Davenport|End My Sorrow ; http://www.endmysorrow.dk/|Finn "Old Blue" Luck ; http://www.danskmusik.com/dmfbook/rockkopi/html/old_blue.html|God`s Comic ; http://www.godscomic.dk/|Hard To Beat|Instant Noodles ; http://www.instant‑noodles.dk/|Jette Torp ; http://www.jettetorp.dk/|King Simon|Learning from Las Vegas ; http://www.learningfromlasvegas.com/|Marie Carmen Koppel ; http://www.mariecarmenkoppel.dk/ |News|On Trial ; http://www.ontrial.suite.dk/|Pemis||Rejs jer op ; http://www.rejsjeropogdans.dk/|Scavengers, The|The Alpine ; http://www.thealpine.dk/||Viva Vertigo|Why Anonymous ; http://www.why‑anonymous.com/||||||
Abrahamsen, Peter  ; http://www.peterabrahamsen.dk/|Banks, Paul David|Carver ; http://www.carveronline.dk/|David Bowie Experience ; http://www.davidbowieexperience.dk/|Enola ; http://www.enola.dk/|Firefly ; http://www.fireflyonline.dk/|Goldfinger|Harry Lime ; http://www.harrylime.org/|Instant On ; http://www.dissing‑online.dk/instant/|Jime, The ; http://www.the‑jime.dk/dansk.htm|Kinguru  ; http://www.kinguru.dk/|Lebowski|Marie Frank ; http://www.mariefrank.dk/|Nice Device|One|People Of The Sun ; http://www.peopleofthesun.dk/||Reluxe  ; http://www.reluxe.dk/|Schmidt & Co ; http://www.schmidt‑og‑co.dk/|The Bats ; http://www.bats.dk/||Vizki, Morti|Wicked Ways ; http://www.wickedways.dk/||||||
Absolut Vallekilde|Barbados Swing ; http://www.barbadosswing.dk/ |Casette|The Dawn|Ensemble Orlando ; http://www.ensemble‑orlando.dk/|Fischer-Nielsen, Jan|Gorgonzola ; http://www.gorgonzola‑band.dk/Forsiden.htm|Hawk ; http://www.brighthawk.dk/|Instant Pleasure|Jitterboys ; http://www.jitterboys.dk/|Kinky Boot Breast|Leftovers  ; http://www.leftovers.dk/|Mark, Janne ; http://www.jannemark.dk/|Nice Little Penguins ; http://www.nicelittlepenguins.dk/|One Two ; http://www.rockdoc.dk/art10118.html|Per Kristensen Band||Remain|Schwarz Library ; http://www.schwarzwaldlibrary.dk/|The Black Rose||Vogel, Karsten|Wild Evil Entertainment Dept.  ; http://www.weed.dk/||||||
Ache|Barbie Rocks ; http://www.barbierocks.dk/|Cedar ; http://www.cedar‑music.com/|Day Of Phoenix |Entozoon ; http://www.entozoon.1go.dk/|Fishjoint ; http://www.danskmusik.com/dmfbook/rock/html/fishjoint.html|Graa, Peter|Heading South ; http://www.headingsouth.dk/|Io|Jo Jo Dots ; http://www.jojodots.dk/|KINO|Leisure Alaska ; http://www.soundvenue.com/band.asp?id=306|Maroon ; http://www.maroon.dk/|NICK e BAND|Oops |Per Njoback ||Remar, Morten  ; http://www.remar.dk/|Scratch ; http://www.scratch.dk/|The Blue Van ; http://www.thebluevan.dk/||Volbeat  ; http://www.volbeat.dk/|Wild Street||||||
Acmode ; http://www.acmode.dk/ |Barck  ; http://www.barck.dk/|Ceen ; http://www.ceen.dk/|Daze ; http://www.daze.dk/|Envolope ; http://www.envelope.dk/|Flame On ; http://www.flameon.dk/|Grabowski|Headless ; http://www.headless.dk/|Iord ; http://www.iord.dk/ |JohanNørgaard  ; http://www.johannorgaard.webbyen.dk/|Kira And The Kindred Spirits , http://www.kiramusic.com/|Lejrbåls, The|Marsden ; http://www.marsden.dk/|Nielsen, Lotte||Peter & De Andre Kopier ; http://www.peterogdeandrekopier.dk/||Rent Mel I Posen ; http://www.danskrap.dk/artists_info.asp?artistid=66|Screamin` Eric  ; http://www.screamineric.dk/|The Breakers ; http://www.sonymusic.dk/thebreakers/thebreakers.htm||Voxpop|William Dion Band ; http://www.dion.dk/ ||||||
AC/DC Jam ; http://www.lovejuice.dk/ac_dz/ac_dc/index.htm|Baronets, The|Chameleon|Dear ; http://www.dearnet.dk/|Epicenter ; http://www.epicenterband.com/flash/default.asp|The Flaming Sideburns  ; http://www.theflamingsideburns.com/|Grace|Heart + Soul|Iris Melk ; http://www.irismelk.dk/ |Johnny|Klara-Sophia  ; http://www.klarasophia.dk/|Lendager Band, Torben ; http://www.lendager.dk/|Master Fatman |Niggel Pin |Ooze|Peter Jones ; http://www.peterjones.inweb.dk/||Repeat Repeat|Scrotum  ; http://www.scrotum.dk/|The Broken Beats ; http://www.thebrokenbeats.dk/|||Willy & The Poorboys ; http://www.poorboy.dk/ ||||||
Achtung Baby ; http://www.u2jam.dk/|Baton Rouge|Champagne Riot|Dear Ones ; http://www.dearones.dk/|Erling Fritz-Franz|Flavour ; http://www.flavourmusic.dk/|Gracelands ; http://www.gracelands.dk/|Heartburns ; http://heartburns.dk/|Isles  ; http://www.islesmusic.com/|Johnny Madsen  ; http://johnnymadsen.dk/|Klaus Caprani|Lene Dissing ; http://www.dissing.net/|Martin Hall ; http://www.martinhall.com/ |Nightwork ; http://www.nightwork.dk/|Orange ; http://www.orangeband.dk/|Peter Larsen ; http://www.peterlarsenband.dk/||Replacements, The ; http://www.replacements.dk/|Scuba ; http://www.vocalator.dk/dk/ProductDetails.aspx?ProductID=52&ArtistID=38|The Burning Primitive ; http://www.theburningprimitive.dk/|||Wingfish  ; http://www.wingfish.dk/||||||
Act|Bazaar|Charcoal ; http://www.charcoal.dk/|Death Tothe|Es|Flemming Hansen ; http://www.flemminghansen.com/|grammaphone|Heart´n Soul|IVAN ; http://www.ivansiden.dk/|Jomfru Ane Band ; http://www.jomfruaneband.dk/ |Kliche ; http://www.hug‑info.dk/|Les Tristes ; http://www.lestristes.com/|Martin Harboe;, http://www.martinharboe.dk/|Nikolaj ; http://www.nikolajogpiloterne.dk/ |Organics, The|Peter Sort Band ; http://www.netvaerkstedet.dk/psb/||Republik|Sebastian ; http://www.sebastian.info/|The Clidows |||Winona ; http://www.wynona.dk/||||||
Adams Ale ; http://www.adamsale.dk/|Beat the Meatles ; http://www.danskmusik.com/dmfbook/rockjam/html/beatthemeetles.html|Charlatan |Decaf ; http://www.decaf.dk/|Esteem|Fleur De Lis |Grand ; http://www.grandband.dk/|Hellbetty ; http://www.hellbetty.dk/ |Ivan Pedersen , http://www.ivanpedersen.com/|JONZ ; http://www.jonz.dk/|Klinke  ; http://www.michaelklinke.dk/|Lesbian Lipstick  ; http://www.lesbianlipstick.com/|Martinz , http://www.martinz.dk/|Nikolaj Nørlund ; http://www.norlund.com/|Our 15 Minutes|Peter Viskinde ; http://www.peterviskinde.dk/ ||Reunions|Second Nature ; http://www.secondnature.dk/|The Couriers ; http://www.thecouriers.dk/|||Winter by oyster ; http://www.wbo.dk/c/indexsite.asp||||||
Adaptive  ; http://www.adaptivemusic.dk/|Beatdows  ; http://www.beatdows.dk/|Charlie Dee & The Twisters ; http://www.charliedee.dk/|Def Cisum ; http://www.def‑cisum.com/|Etcetera|Floorshakers ; http://www.floorshakers.dk/|Grand Avenue ; http://www.grandavenue.dk/index_flash.html|Henning Stærk ; http://www.henningstaerk.dk/|Iversen Band ; http://www.iversenband.dk/|Joyphilter ; http://www.joyphilter.dk/|Klondyke  ; http://www.klondyke.dk/|L.T.W. ; http://www.ltw.dk/|Marvel Hill  ; http://www.marvelhill.dk/|Nil By Mouth ; http://www.nilbymouth.dk/|Ozelots ; http://www.ozelots.dk/|Petersen, Immanuel||Revival|Secret Oyster|The Dawn|||Winther-John, Marcus||||||
Adonai ; http://www.adonai.dk/|Beatmakers, The|Chelsea Rose|de marco ; http://www.demarco.dk/|Euphoria ; http://hjem.get2net.dk/euphoria/|Flow|Grape|Henrik & Krogsgaards orkester ; http://www.hko.dk/|Ivor Axeglovitch|Judith|Knasen ; http://www.knasen.dk/|Level 42 Jam ; http://www.teigen.dk/|Mary ; http://www.marysongs.dk/|Nils||PepperBand ; http://www.pepperband.dk/||Rhythm in bloom  ; http://www.rhythminbloom.com/|Seierø ; http://www.seiero.net/|The Defectors ; http://www.thedefectors.com/|||Wipe Out ; http://wipe‑out.dk/||||||
Ads|Beam Team ; http://www.beatdows.dk/|Chicken Tattoed Fly |De Røde Heste|Eurozona ; http://www.eurozona.org/|Fluffers ; http://www.fluffers.dk/|Greene|Henrik Launbjerg ; http://www.henriklaunbjerg.dk/||Judy surf the climax|Kragelunds Kapel ; http://kragelundskapel.50megs.com/|Lienerow|Matadorerne|Nio, Ivan  ; http://www.ivannio.dk/||Perfect Friday||Riding With The King   ; http://www.rwtk.dk/|Sejersen, Jens|The Delicious Nuclear Abes|||Wish ; http://www.wishmusic.dk/||||||
Agent  ; http://www.agentonline.dk/|BeastBand ; http://www.beastband.dk/ |Chillumklud Group ; http://www.chillumkludgroup.dk/|dFlow ; http://www.dflow.dk|Excess Bleeding Heart|Flufferz |Greenhill ; http://www.green‑hill.dk|Henrik Strube ; http://www.strube.dk/ ||Juice|Kristensen, Thorleif  ; http://www.thorleifkristensen.dk/ |Lightnin´ Moe ; http://www.lightningmoe.dk/|Maui Wowie|n.o.s.e.||Performers ; http://www.performers.dk/||Rigtige Mænd ; http://www.rigtige‑maend.dk/|Sekuda|The Edge|||Wocapella ; http://www.vocapella.dk/||||||
Agitpop|B‑joe ; http://www.b‑joe.com/ |Choci Loni ; http://www.chociloni.com/|Deepestpurple ; http://www.deepestpurple.8k.com|Expect No Mercy|Flunkeys ; http://www.flunkeys.dk/|Grind|Her Personal Pain||JulesD|Kristian Klarvand ; http://www.kristian‑klarvand.com/|Limf  ; http://www.limf.dk/|Maya Albana Trio |NoBigDeal ; http://www.nobigdeal.dk/||Peril||Rikke Reol & Bogstøtterne|Sense ; http://www.sensemusic.dk/|The European Bond Agency ; http://www.teba.dk/ |||Wonderes||||||
Agony|Bech, Amy  ; http://www.amy.dk/|Christian ; http://www.christianbroens.dk/|Defectors, The ; http://www.thedefectors.com/|Exposé  ; http://www.exposite.dk/welcome.php|Flügelbinder ; http://www.flugelbinder.dk/|Groove Capacious|Herpes Zoster  ; http://www.hzoster.dk/||Jules` Escape|Krudtugle Congos|Limp ; http://www.limp.dk/|Maybe Blind|No Name||PhataMogana ; http://www.phatamogana.dk/||Rime, The   ; http://www.therime.com/|Sensory System|The Fabulous Rock'n'roll Band ; http://www.fabs.dk/|||Wuz||||||
Aidt, Pernille ; http://www.pernilla.dk/|Beckerlee, Franz|Christian Brøns ; http://www.christianbroens.dk/|Défilm ; http://www.ranum.net/defilm/index.htm|EyeQ |Flyers ; http://www.flyers.dk/|GrooveCompany ; http://www.groovecompany.dk/|Herospeed ; http://www.herospeed.dk/ ||Julie ; http://www.julie.gl/|Knud Odde|Linnea Handberg ; http://www.linnea‑handberg.com/|Maxwells ; http://www.maxwells.dk/|No No No`s||Phobia ; http://www.sensemusic.dk/ ||Ripping off pixies|Sensuous ; http://www.sensuous.dk/ |The Final Wham ; http://www.thefinalwham.dk/|||Würgler, Arne||||||
Aikido Cop ; http://www.soundvenue.com/band.asp?id=298|Beefeaters, The|Chronik|Deichmann, Jacob||Flying Hotdogs ; http://www.flyinghotdogs.dk/|Groovy Mood ; http://www.groovymood.dk/|Heterofoni||Juni|Knudsen, Kenneth|Linoleum |Me and My ; http://www.meandmy.dk/|No Offense ; http://www.nooffence.dk/||Picnic ; http://www.picnic‑int.dk/ ||RiverHorse ; http://www.riverhorse.dk/|Separations ; http://www.separations.dk/|The Floydians ; http://www.floydians.dk/|||||||||
AIM  ; http://www.aimrock.dk/|BeePop ; http://www.beepop.dk/|Cinema Noir|Delax ; http://www.delax.dk/||Flying Virgins ; http://www.flyingvirgins.dk/|Grope ; http://www.grope.dk/|Hit med 80´erne ; http://www.hit80.dk/||Junior Senior ; http://www.juniorsenior.dk/|Koppel, Anders|Lions, The|Me She and Her|No Way Out||Pigswear  ; http://www.pigswear.dk/||Rhea Silvia ; http://www.netsound.dk/rhea/|Seven Eggs ; http://www.7x.dk/|The Flunkeys ; http://www.flunkeys.dk/|||||||||
AjjA ; http://www.ajja.dk/|Beethovens, The|Cinnamon Sigh ; http://www.cinnamonsigh.dk/|Delicia Mini ; http://www.morningsiderecords.dk/bandsdetail.asp?bandid=11||Fools Paradise  ; http://www.foolsparadise.dk/|Groth Jacob|Hitmakers, The||Junkyard superfuzz|Kung Fu|Lipstick ; http://www.lipstick.dk/|Meat Project, The|Noir||PinBoys  ; http://www.pinboys.dk/||Roadstarz  ; http://www.roadstarz.dk/|Seven Mile Journey, The  ; http://www.thesevenmilejourney.dk/|The Flying Hotdogs ; http://www.flyinghotdogs.dk/|||||||||
Aladdin´s First Fuck|Before|Cinnober|Delta Blues Band||Forrest i køen ; http://www.thebasement.dk/forrest/ |Ground Zero|Hold i Nakken  ; http://www.holdinakken.dk/||Jupiter Day ; http://www.jupiterday.dk/|Kyssetrængende ; http://www.danskmusik.com/dmfbook/rockjam/html/kyssetraengende.html|Lis Sørensen ; http://www.lissorensen.dk/|Megaphones, The |Nordlyz||Pinch rock  ; http://www.pinch.dk/||Robbie|Seven On Zero|The Flynuts ; http://www.flynuts.dk/|||||||||
Alberte ; http://www.alberte.dk/|Bellarocca Band, The|Circuit|Delta Cross Band||Frances doll Emma|Grums|Honey I´m Home||JustE|Køser Gang|LittleEden ; http://www.littleeden.dk/|Mek Pek ; http://www.mekpek.dk/ |Nordsø, Mikkel||Pinchbeck ; http://www.pinchbeck.dk/||Roben & Knud ; http://www.robenogknud.dk/|Severo|The golden boys|||||||||
Alex ; http://www.alexmusic.dk/|Belli, Peter  ; http://www.peterbelli.dk/|Claim ; http://www.claim.dk/|Den forspildte Elite ||Franke|Gry Trampedach ; http://www.grytrampedach.dk/ |Hookah ; http://www.hookahmusic.dk/||Jørgen Fagernæs ; http://www.fagernaes.dk/||Little Gadget|Melanies ; http://www.melanies.dk/|Norton , http://www.nortonslaststand.co.uk/||Pin-Ups||Rocazino  ; http://www.rocazino.dk/|Serop ; http://www.serop.dk/|The GuyNors|||||||||
Alf  ; http://www.alfmusic.dk/|Bellybutton ; http://www.bellybutton.dk/|Clara Thomas|Den Røde Tråd  ; http://www.d-r-t.dk/ ||Frael ; http://www.frael.dk/|Grøn Mand Gå ; http://www.groenmandgaa.dk/|Hopscotch ; http://www.hopscotch.dk/||||Little Music ; http://www.dressybessy.com/|Mellophone ; http://www.mellophone.dk/|Not A Good Sign ; http://not‑a‑good‑sign.webbyen.dk/||Planet of Sound ; http://www.planetofsound.dk/||Rock5+|Sfu‑ma‑to ; http://www.ugcs.caltech.edu/~zoz/sfumato.html|The Iqcumbers |||||||||
Alias ; http://www.soundvenue.com/band.asp?id=647|Below Point Zero|Claus Madsen|Det Glemte Sprogs Orkester||Frank Zappa Live Event ; http://www.fzle.dk/|Gudjon Rudolf/ Th. Atlason ; http://www.minimania.dk/|Horny Houndogs||||Littlefish  ; http://www.littlefish.dk/|Mellow  ; http://www.mellownet.dk/|Nova Aquilae  ; http://naq.dk/||Playtones ; http://www.playtones.dk/||Rock Hard Power Spray|Sgt. Pepper|The Jime ; http://www.the‑jime.dk/|||||||||
Alive Band ; http://www.festmusik.dk/aliveband.htm|Beluga Avenue ; http://www.belugaavenue.dk/|Clausen & Petersen|Dicte ; http://www.dicte.dk/||Frede Fup ; http://www.frede‑fup.dk/|Gudrun ; http://www.gudrun‑jacobsen.com/|Hos Anna||||Liquet  ; http://www.fajabefa.dk/band/liquet/|Mellow Dramatic Avenue  ; http://www.mellowdramaticavenue.com/|Nova Youth ; http://www.novayouth.dk/||Pleasuremachine ; http://www.subexile.com/PleasureM.html||Rockabello ; http://www.rockabello.dk/|Shanielyz|The Lazyheads ; http://www.blue‑fingers.person.dk/ |||||||||
Allan Vegenfeldt|Beneath|Clidows, The|Die Ecke ; http://www.dieecke.dk/ ||Frederik Langkjær Band ; http://www.flband.dk/|Guideway|Hotel Hunger ; http://www.hotel‑hunger.dk/||||Live and Dangerous Thin Lizzy Jam |Mellow Stages ; http://www.mellow‑stages.dk/|NRG ; http://www.n‑r‑g.dk/ ||Plush||Rockens Rødder ; http://peacom.dk/rockrod.htm|Sharing Patrol, The|The Leaf ; http://the‑leaf.homepage.dk/|||||||||
Alpine, The ; http://www.thealpine.dk/|Beneath Contempt  ; http://www.pinkdild.org/bc2000/|ClockWise|Die Herren ; http://www.dieherren.dk/||Free Cloud Nine |Guijerei ; http://www.guijerei.8m.com/ |Hound Dog Delivers ; http://www.hounddog.dk/||||Live Museum, The|MellowCurb|Nuclear Chainsaw Monkeys, The||Pluto  ; http://www.plutofan.dk/||Rocketeers, The|Sharn|The Magic Theater|||||||||
Alrune Rod  ; http://www.alrunerod.dk/|Benny Bukhave ; http://www.sitecenter.dk/isleofavalon|C.M. Musictrain|Dieters Lieder||Freya ; http://www.freya.dk/ |Gung Ho ; http://gungho.homepage.dk/|How Do I||||LJ India ; http://www.ljindia.dk/|Melted ; http://www.melted.dk/|Nude||Pocket Life ; http://www.pocketlife.dk/ ||Rocking Ghosts, The ; http://www.therockingghosts.dk/|Shave|The Mean Cleaners ; http://www.mudbug.dk/ |||||||||
Amandola|Benny Mortensen|Cockpit Music|Dinojax ; http://www.dinojax.dk/||Friis, Ole ; http://olefriis.dk/|Gylden, Simon ; http://www.simongylden.dk/|Hr. Pedersen||||Loco Motive  ; http://www.loco-motive.dk/|Melvis (& His Gentlemen)|Nussbaum, Channe  ; http://www.spielniks.com/||Pockets||Rockopi|Shifting December|The Mopeds ; http://www.themopeds.com/|||||||||
Amazonair  ; http://www.amazonair.net/|Bentzon, Aske|Codriver ; http://www.co‑driver.dk/|Disko Volante ; http://www.discovolante.dk/||Frogstone ; http://www.frogstone.dk/||H.U.G., Lars  ; http://www.larsh-u-g.dk/||||Lollipops, The|Men In Black|Ny Generation||Poets, The||Rockorkester|Shiner 22 ; http://www.shiner22.net/|The Movement ; http://www.themovement.dk/|||||||||
Amber ; http://www.amber-band.com/ |Berkenstox ; http://www.berkenstox.dk/|Codroe ; http://www.codroe.dk/|Diskofil ; http://www.diskofil.dk/||Frontview ; http://www.frontview.dk/||Humleridderne ; http://www.humleridderne.com/||||Long Tall Tony & The Skyscrapers|Mercenary  ; http://www.mercenary.dk/|Nørmølle ; http://www.noermoelle.dk/||Polar|||Shire ; http://www.shire.dk/|The Naked ; http://www.the‑naked.dk/|||||||||
Amnesia ; http://www.amnesia‑band.dk/|Berthelsen, Ole ; http://www.oleberthelsen.dk/|Coffee Kings|District 45||Frost ; http://www.frost‑the‑band.dk/ ||Hurdy Gurdy||||Los Retardos  ; http://www.losretardos.dk/|Merrybird|Nørregaard, Kasper||Port Friendly||Rockrødderne ; http://rockrod.dk/|Shirtville|The Norgies|||||||||
Ampel ; http://www.ampel.dk/|BH20|CO-Incident ; http://www.coincident.dk/|Diva Jam||Frozen Pearl ; http://www.martinjorgensen.dk/FrozenPearl.com/||Hush‑Money ; http://www.hush‑money.dk/ ||||Losers Paradise  |Messell|||Pryme  ; http://www.pryme.dk/||Rocktion|Shit & Chanel|The North|||||||||
Amy B|Biff Baxter Band|CoinToss ; http://www.cointoss.dk/|Dive||Fruit Dux ; http://come.to/fruitdux||Hvalsø (spillemændene)||||Lotte Rømer ; http://www.lotte‑romer.dk/|Mevadio ; http://www.mevadio.dk/|||Polo||Rollo & King ; http://www.rolloogking.dk/ |Shiver|The Pern Band|||||||||
AnaDosis|Bifrost|ColdStar|Divided Minds ; http://www.dividedminds.dk/||Fu:el ; http://www.fu‑el.com/||Hyldemor||||Louise Ellerbæk ; http://www.emi‑medley.dk/ellerbaek/|Mew ; http://www.mewsite.com/ |||Pongcuter ; http://www.pongcuter.dk/||Romp|Shot Gone|The Playmates ; http://www.theplaymates.dk/|||||||||
Anamia ; http://www.anamia.dk/|Big Boss Men|CollyWobbles ; http://www.deanmusic.dk/|Dizzy Mizz Lizzy ; http://www.dizzymizzlizzy.com/ ||Fujara||Hyldgaard, Susi||||Love Julie |Michael Falch ; http://www.falch.dk/|||Popdk  ; http://www.popdk.dk/||Rosenberg ; http://www.the‑rosenbergs.net/|Showdown ; http://www.showdown.dk/|The Rainfall Years ; http://www.therainfallyears.dk/|||||||||
Anderson, Lina|Big Fat Snake ; http://www.bigfatsnake.com/|Columbian Neckties ; http://www.columbianneckties.dk/|DM-Jam||Full Moon Fever , http://www.fullmoonfever.dk/||Hyldstrup, Dorthe||||Lovebites ; http://www.lovebites.dk/ |Michael Hamilton ; http://www.michaelhamilton.dk/|||Popshop  ; http://www.popshop80.dk/||Rotation |Shubidua ; http://www.shubidua.dk/|The Raveonettes; http://raveonettes.com/|||||||||
Andreasen, Mads|Big Mama|Column ; http://www.column‑music.com/|D.N.D. - Det Neo depressionistiske Danseorkester||Funclub ; http://www.lovejuice.dk/funclub/index.htm||||||Love Shop ; http://www.loveshop.dk/|Michael Learns To Rock ; http://www.mltr.dk/|||Porcelain||Round The Bend|Shuttleflight |The Recycle Band ; http://www.recycleband.dk/|||||||||
Ania Sandig ; http://www.aniasandig.dk/ |Big Mouth ; http://kursist.artlab.dk/users/perm/html/bigmouth.html|Coma|Dodo & the Dodo's  ; http://www.dodos.dk/||Funerales Gonzales ; http://www.funeralesgonzales.dk/||||||Low Down|Michael Staun ; http://www.michaelstaun.dk/|||Porch Monkeys  ; http://www.thebox.dk/||Route 66|Sidebenders ; http://www.sidebenders.dk/|The Rime ; http://www.therime.com/|||||||||
Anima|Big Trouble ; http://www.rockdoc.dk/art10061.html|Common Breed ; http://www.common‑breed.dk/|Doctor Madsens Orgelorkester||Funkstar De Luxe ; http://www.funkstardeluxe.com/||||||Low Down Deeper|Michael T|||Post ; http://www.bandetpost.dk/ ||Royal Beat Conspiracy, The|SideQuest|The Sandmen|||||||||
Anja & Betina ; http://www.anjaogbetina.dk/|Bigbang ; http://www.big‑bang.dk/ |Common Sense|Doggybags||Funky Nashville ; http://www.funkynashville.dk/home.11.0.html||||||Luca |Michael Teschl|||Potters Jig  ; http://www.pottersjig.dk/||Rubber Band ; http://www.rubberband.dk/|Sigurds Kogeplade|The Scoops ; http://www.scoops.dk/|||||||||
Annapurna ; http://www.annapurna.dk/|Big Yellow Taxi ; http://www.bigyellowtaxi.dk/|Complex Edh ; http://www.complex-edh.dk/|Doktor Fjols||Furekåben||||||Ludo X  ; http://www.ludox.dk/|Michelle Birkballe ; http://www.michellebirkballe.dk/|||Poul Krebs  ; http://www.poulkrebs.com/||Rubberboots|Sika|The State ; http://www.thestate.dk/|||||||||
Anne Dorte Michelsen ; http://www.annedortemichelsen.dk/|Billy Cross ; http://www.danskmusik.com/dmfbook/rock/html/billy_cross_the_all_stars.html|Compos Mentis ; http://www.composmentis.dk/  |Domæne ; http://www.domaene.org/ ||Furious Funk ; http://www.furiousfunk.dk/||||||Luksus ; http://www.luksusnet.com/ |Midnight Sun|||Poul Halberg ; http://www.poulhalberg.dk/||Rugsted-Kreutzfeldt ; http://www.rugstedkreutzfeldt.dk/|Silence|The Surf Riders ; http://www.thesurfriders.dk/|||||||||
Anne Grete|Birk ; http://www.birk.nu/|Cold Fusion|Doraz||FutureRock ; http://www.futurerock.dk/||||||Lulu Band ; http://www.julie.gl/Lulu_Larsen_Band.html|Midt Om Natten , http://www.midtomnatten.dk|||PP Tough and the rattlesnakes ; http://pp.tough.homepage.dk/ ||Rumours|Silent Fish ; http://www.silentfish.com/|The Sweet|||||||||
Anne Linnet ; http://www.linnetsongs.dk/|Bitter Sweet Harmony  ; http://www.bittersweetharmony.com/|Color Blind ; http://www.color‑blind.dk/|Dot‑dk ; http://www.dot‑dk.dk/online/||Fuzzphase  ; http://www.fuzzphase.dk/index2.html||||||Lunazü|Midnight Blues ; http://www.midnightblues.dk/|||Prawn||RUST ; http://www.dansk‑rock.dk/|Silver Rockets|The Time|||||||||
Ann-Mette Elten ; http://www.annmetteelten.dk/|Black Devils, The|Common Sense Complete|DoubleStuff||Fuzzy Kold Medina||||||Lund|Midway Band|||Pretty Maids ; http://www.prettymaids.com/||Røde Mor , http://www.roedemor.dk/|Simon Gylden ; http://www.simongylden.dk/|The Tremolo Beer Gut ;  http://www.thetremolobeergut.dk/ |||||||||
Ann‑Louise ; http://www.ann‑louise.com/|Black Maria|Commotio ; http://www.commotio.dk/|Down Payment||Fællesakkorden||||||Lysdal, Jens  ; http://www.lysdal.com/|Mighty Mice ; http://www.mightymice.dk/|||Primate Planet||Rørdam, Jan ; http://www.janrordam.dk/|Simon Krogh|The Wake|||||||||
Anouar|Black n´ blue ; http://www.blackblue.dk/|Cookie ; http://www.cookie‑fan.com/|DownEdge||||||||Lærkeband ; http://www.laerkeland.dk/|Mike Gator|||Productor|||Silo ; http://www.posteverything.com/silo/|The Walkers ; http://www.walkers.dk/|||||||||
Ants in the Pants ; http://www.ants.dk/|Blackbird Dialect|Coolsville ; http://www.coolsville.dk/|Dr. Dopo Jam|||||||||Mike Tramp ; http://www.miketramp.com/|||Psyched Up Janis ; http://www.gizmodesign.dk/puj/|||SilverFox ; http://www.silverfox.dk/|The Wannabeatles ; http://www.wannabeatles.dk/|||||||||
Aorta|Blacks World|Corfitsen ; http://www.danskmusik.com/dmfbook/rock/html/corfitsen_9.html|Dr. Zoltron|||||||||Mikkel Elbech Sørensen|||Psycho Puppet|||Silvertone ; http://www.silvertone.dk/|The WannaBees ; http://www.thewannabees.dk/|||||||||
Apartment ; http://www.apartmentsite.dk/|Blackwall|Coronarias Dans|Draft|||||||||Miknight|||Public Panic|||Sinners´ Inn ; http://sinnersinn.dk/ |Third Stone From The Sun|||||||||
Apathetic|Blahbar ; http://www.soundvenue.com/band.asp?id=333|Cosmonks Tour Master |Dreamtones|||||||||Mimas ; http://www.mimassite.com/|||Punk-A-Holics  ; http://www.punk-a-holics.dk/|||Singers ; http://www.singers.dk/ |Thomas ; http://thomas.musiconline.dk/ |||||||||
Aphrodite|Blank ; http://www.blank‑online.dk/|Covers of Creedence|Dreamout Debut|||||||||Mingit ; http://mingit.virtualave.net/|||Puppez|||Sir Henry and His Butlers|Thomas Helmig ; http://www.thomashelmig.dk/|||||||||
Appleband ; http://www.appleband.dk/|Blast|Cox Orange|Drengene|||||||||Minus Me  ; http://www.minusme.dk/|||Pure Stones ; http://www.purestones.com/ |||Sjagget ; http://www.sjagget.dk/|Thomas Helmig Jam ; http://www.thjam.dk/|||||||||
Aqua|Blast Furnace|Crap ; http://www.crapmusic.net/|Drep ; http://this.is/drep/|||||||||Mir ; http://www.mir.suite.dk/|||Purple Stain ; http://www.purplestain.dk/|||Skiløb|Thorup, Peter|||||||||
Ardenaur  ; http://www.ardenaur.dk/|Blink ; http://www.blink‑182.dk/|CrazyColors ; http://www.crazycolors.dk/ |Dressed in white ; http://www.dresssedinwhite.dk/|||||||||Miss B. Haven ; http://www.missbhaven.dk/|||Purplejam|||Skincoat ; http://www.skincoat.yum.dk/ |Those Pac-men ; http://www.dissing‑online.dk/pacmen/|||||||||
Arman ; http://www.arman.dk/|Bloom ; http://www.bloomweb.dk/ |Crazy Heart ; http://www.crazyheart.dk/|Dressmen ; http://www.dressmen.dk/|||||||||Mistaken ; http://www.mistaken.dk/|||Pønkhljomsveitin Svarthøfdi  ; http://www.svarthofdi.com/|||Skinny Legs ; http://www.skinnylegs.dk/ |Ties ; http://www.ties.dk/|||||||||
Art is toxic|Blue Junction ; http://www.bluejunction.dk/|Creamy ; http://www.creamy.dk/|Dribble On The Bib|||||||||Misty ; http://www.misty.dk/|||På Slaget 12 ; http://www.paaslaget12.dk/ |||Sko/Torp|Tiger Baby ; http://www.tigerbaby.dk/|||||||||
Artefact|Blue Sun|Creed|Drop Dead Beautiful ; http://www10.brinkster.com/rockdk/|||||||||Mo-I-Rana||||||Skousen & Ingemann|Tiger Tunes  ; http://www.tigertunes.dk/|||||||||
Arvid  |Blue valentine ; http://www.bv.4mg.com/page7.html|Cremball|Drori-Hansen Furniture|||||||||MOCA ; http://www.moca.dk/||||||Skousen, Niels|Tilbage Til Gaden Drengene ; http://back5.freeyellow.com/  |||||||||
Aske Jacoby ; http://www.askejacoby.dk/|Blue Van, The ; http://www.thebluevan.dk/|Crispy|Drüfish|||||||||Modesty, The  ; http://www.fajabefa.dk/band/themodesty/||||||Skumbananerne ; http://www.skumbananerne.dk/|Tim Christensen ; http://www.timchristensen.net/ |||||||||
Astroglide|BlueFish|The Cronics|Du|||||||||Moe, Louise ;, http://louisemoe.com/||||||Skunk.FM ; http://www.skunkfm.dk/|Tina Dichow , http://www.tinadickow.dk/|||||||||
Atlas ; http://www.atlas‑music.dk/|Blues Addicts  |Crying June|Du Hund ; http://www.duhund.dk|||||||||Moi Caprice  ; http://www.moicaprice.com/||||||Skunk Funk|Tinea Capitis|||||||||
Audia ; http://www.greystate.dk/the_audia_sessions/audia.asp|Blues Brothers Experience ; http://www.bbexp.dk/|Crying Out Loud ; http://www.a2j.dk/col/|Dunder |||||||||Mojo Pinball ; http://www.mojopinball.dk/||||||Skurk|Tinitus ; http://www.tinitus‑tinitus.tk/|||||||||
AUM|BluesEagles |Crying Time ; http://www.cryingtime.dk/|Dødsheden |||||||||MojoHands||||||Slaraffenland|Tintin & Hårtørrerne|||||||||
Autist|Blush|CU ; http://www.c‑u.dk/||||||||||Mole;, http://www.molerocknroll.dk/||||||Slænget|T-law ; http://www.t‑law.dk/|||||||||
Automatons , The  ; http://www.theautomatons.dk/|Bluevale ; http://www.bluevale.net/|Culpeper´s Orchard||||||||||Mom ; http://www.clockwize.dk/mom.htm ||||||Small Talk ; http://www.small‑talk.dk/|To be annonced ; http://www.2ba.dk/|||||||||
Avantgarde De Luxe|Blyfri chapp|Cuttlefish ; http://www.audiogalaxy.com/bands/cuttlefish/ ||||||||||Monique ; http://www.monique.dk/ ||||||Smalltown ; http://www.smalltown.dk/|Tobias Trier ; http://www.tobiastrier.dk/|||||||||
Avid buys Rocket|Blå Fingre ; http://www.blue‑fingers.person.dk/|C.V.Jørgensen ; http://www.cvjoergensen.dk/||||||||||Monrad og Rislund ; http://m‑r.dk/||||||Smith, Peter|Toby ; http://www.toby.dk/|||||||||
Avivson ; http://www.avivson.com/|Blå Øjne ; http://www.blue‑eyes.dk/|CV Jam ; http://www.jambands.dk/Bands/cvjam.htm||||||||||Monrad, Morten||||||Smokehouse|Todaro, Leo|||||||||
Awake|BoB Music |Cy, Maia & Robert||||||||||Monzoon ; http://www.monzoon.dk/||||||Sneakers|Toftlund, Jan Roger|||||||||
Aya ; http://www.ayaband.com/|Boel & Hall ; http://www.boel‑hall.dk/ |Cynical Son ; http://www.cynicalson.dk/||||||||||Moon Gringo ; http://www.moongringo.dk/ ||||||Sneskakt|Tolvtemanden|||||||||
|Boghandle|||||||||||Moonjam ; http://www.moonjam.dk/||||||Snuff Pop inc ; http://www.snuff‑pop‑inc.dk/|Torben Sardorf ; http://www.sardorf.dk/|||||||||
|Boobs|||||||||||Moonstone||||||Snüsk|Torpedo ; http://torpedoweb.com/|||||||||
|Boogie Avenue ; http://www.boogieavenue.dk/|||||||||||Mopeds, The||||||S.O.A.P.|Torpedoes  ; http://www.torpedoes.dk/|||||||||
|Boogie Knights ; http://www.boogieknights.dk/go.htm|||||||||||Morfeus ; http://www.mindmare.com/||||||SOFA ; http://www.sofamusic.dk/ |Totally Weird Curt|||||||||
|Booze Brothers ; http://www.boozebrothers.dk/|||||||||||Morris||||||Softbananas|Tothe International|||||||||
|Bortset|||||||||||Morten Band||||||Softporn  , http://www.softporn.dk/|Tough Lovin ; http://www.toughlovin.subnet.dk/|||||||||
|Boys r us ; http://www.boysrus.dk/|||||||||||Morten Fleck  ; http://www.mortenfleck.dk/||||||Solskær|Tournesol ; http://www.trio‑tournesol.dk/|||||||||
|Box 25 ; http://www.box25.dk/|||||||||||Moses||||||Someones, The|Toybomb  ; http://www.toybomb.dk/|||||||||
|Brave Cowards|||||||||||Mother of FC - B1903        ||||||Sonny|Toys Of Joy|||||||||
|Breakers, The ; http://www.thebreakers.dk|||||||||||Mothers Little Helper ||||||Sonor|Traffic Jam ; http://www.musiker‑boersen.dk/country/traffic_jam.html|||||||||
|Brian Guldbeck ; http://www.danskmusik.com/dmfbook/rock/html/brian_guldbeck.html|||||||||||Motown Danceband||||||Sophmore|Travelinband.dk ; http://www.travelinband.dk/|||||||||
|Brimstone Butterfly ; http://www.brimstonebutterfly.dk/ |||||||||||Mr.Shush||||||Sort Sol ; http://www.sortsol.dk/ |Travetine|||||||||
|The Broken Beats ; http://www.thebrokenbeats.dk/|||||||||||M.T. Purse||||||Soul Meeting ; http://www.soulmeeting.dk/|Tremolo Beer Gut, The ; http://www.thetremolobeergut.dk/|||||||||
|Brother+Sister ; http://www.brotherandsister.dk/|||||||||||Mudcrowd ; http://www.mudcrowd.dk/||||||Soulwire ; http://www.soulwire.dk/|Trez Hombrez|||||||||
|Brødrene Olsen ; http://www.olsen‑brothers.dk/|||||||||||Musashi||||||Sound of Memphis ; http://www.soundofmemphis.dk/|Trigirlz ; http://www.trigirlz.com/ |||||||||
|Buffalo|||||||||||Musch||||||Sound of Seduction|Trille|||||||||
|Bugpowder  ; http://www.bugpowder.dk/|||||||||||Mushroom||||||Souvenirs ; http://www.souvenirs.dk/|Trille Palsgaard  ; http://www.trillepalsgaard.dk/|||||||||
|Buki Yamaz  ; http://www.kasperwinding.com/buki_1.htm|||||||||||Music For The Masses ; http://www.musicforthemasses.dk/||||||Sozé|Trio Max ; http://www.triomax.dk/|||||||||
|Buoyant Blue|||||||||||Muzzle||||||Soya ; http://www.amy.dk/soya/|Triple Tour|||||||||
|Bureau Bizar  ; http://www.bureaubizar.dk/|||||||||||My||||||Spar‑2 ; http://www.spar2.com/|Trist|||||||||
|Burm  ; http://www.burm.dk/|||||||||||My Beloved ; http://www.mybeloved.dk/||||||Sparkling ; http://www.sparklingworld.com/|Tristan T|||||||||
|The Burning Primitive ; http://www.burning.dk/|||||||||||My Empty Room||||||Sparkplug ; http://www.sparkplug.nu/|Troels Skovgaard ; http://www.inthehouse.dk/html/troels_skovgaard.html|||||||||
|The Burnouts|||||||||||Mykness ; http://www.mykness.dk/||||||Speaker Bite Me ; http://www.speakerbiteme.dk/ |Trouble Cats ;  http://www.troublecats.dk/|||||||||
|Burning Red Ivanhoe , |||||||||||Møller, Knud||||||Spectators, The|Truth of romance|||||||||
|Buster ; http://www.busterband.dk/|||||||||||||||||Speed Ball S|Tulipan|||||||||
|Buz Stop|||||||||||||||||SP JUST FROST ; http://www.spjustfrost.1go.dk/|Turbulens|||||||||
|Bærnthsen, Allan|||||||||||||||||Spillemændene|Turbulenze  ; http://www.turbulenze.com/|||||||||
|Bøllemis|||||||||||||||||Spine  ; http://www.visualblock.com/|Turpin  ; http://www.turpin.dk/|||||||||
|Børnehave Gate|||||||||||||||||Splash Percussion Steelband  ; http://www.splashband.dk/|TV‑2 ; http://www.tv‑2.dk/|||||||||
||||||||||||||||||Splendid|Twas|||||||||
||||||||||||||||||Splint ; http://www.splint.dk/ |Twiga|||||||||
||||||||||||||||||Spoke ; http://www.spoke.dk/|TwiinsMission ; http://www.twiinsmission.dk/|||||||||
||||||||||||||||||Spoof ; http://www.spoof‑music.dk/|Twinkle|||||||||
||||||||||||||||||Spuncut ; http://www.spuncut.dk/|TwoFace ; http://www.twoface.dk/|||||||||
||||||||||||||||||Sputnik ; http://www.kpik.dk/sputnik/|TYG ; http://www.tyg.dk/|||||||||
||||||||||||||||||Squonk|Tyggegummibanden|||||||||
||||||||||||||||||Stainless ; http://www.steelband.dk/|Tæve|||||||||
||||||||||||||||||Stainless China ; http://www.expage.com/stainless|Tømrerclaus |||||||||
||||||||||||||||||Stamina|Tøsedrengene ; http://www.dansermeddrenge.dk/historie/tose1.htm|||||||||
||||||||||||||||||Standard|2late ; http://www.2late.dk/|||||||||
||||||||||||||||||Start, The||||||||||
||||||||||||||||||State, The||||||||||
||||||||||||||||||Statement, The||||||||||
||||||||||||||||||Steam ; http://dmr.dk/steam/index.html||||||||||
||||||||||||||||||Steen, Nikolaj  ; http://www.nikolaj-steen.dk/||||||||||
||||||||||||||||||Step By Step||||||||||
||||||||||||||||||Step `N` Stone||||||||||
||||||||||||||||||Steppeulvene  ; http://tinpan.fortunecity.com/mccartney/95/dkstu.htm ||||||||||
||||||||||||||||||Stern Popklub  ; http://www.sternpopklub.dk/||||||||||
||||||||||||||||||Sterling ; http://www.sterlingnet.dk/||||||||||
||||||||||||||||||Sticks`N`Fire||||||||||
||||||||||||||||||Stig Møller ; http://www.stigmoeller.dk/ ||||||||||
||||||||||||||||||Stig Rossen ; http://www.stigrossen.dk/ ||||||||||
||||||||||||||||||Stig Skovlind ; http://www.skovlind.dk/||||||||||
||||||||||||||||||Stina Stina ; http://www.stinastina.dk/||||||||||
||||||||||||||||||Stomped  ; http://www.stomped.dk/||||||||||
||||||||||||||||||Stone Cold ; http://stonecold.mobilixnet.dk/||||||||||
||||||||||||||||||Storm||||||||||
||||||||||||||||||Stougaard, Erik||||||||||
||||||||||||||||||Strada||||||||||
||||||||||||||||||Straight‑8||||||||||
||||||||||||||||||Strawberry Slaughterhouse||||||||||
||||||||||||||||||Stray Babies ; http://www.straybabies.dk/||||||||||
||||||||||||||||||Strenge Drejerne ||||||||||
||||||||||||||||||Stringmasters ; http://www.stringmasters.dk/||||||||||
||||||||||||||||||Stripped Down ; http://www.strippeddown.dk/ ||||||||||
||||||||||||||||||StudieStrygerne ; http://www.strygere.dk/||||||||||
||||||||||||||||||Stærk Tobak||||||||||
||||||||||||||||||Sub Stone ; http://www.substone.dk/||||||||||
||||||||||||||||||Sub‑sui ; http://www.sub‑sui.com/ ||||||||||
||||||||||||||||||SUBB||||||||||
||||||||||||||||||Subsoil||||||||||
||||||||||||||||||Subterraneans||||||||||
||||||||||||||||||Suburban Sight ; http://www.suburbansight.dk/||||||||||
||||||||||||||||||Sume||||||||||
||||||||||||||||||Sunburstgloom ; http://www.sunburstgloom.dk/||||||||||
||||||||||||||||||Sunshaft||||||||||
||||||||||||||||||Superfly ; http://www.superfly.dk/ ||||||||||
||||||||||||||||||Superfuzz ; http://www.superfuzz.com/||||||||||
||||||||||||||||||Superhead ; http://www.danskmusik.com/dmfbook/rock/html/superhead.html||||||||||
||||||||||||||||||Superheroes ; http://www.superheroes.dk/||||||||||
||||||||||||||||||Superlim||||||||||
||||||||||||||||||Superlove , http://www.fajabefa.dk/band/superlove/||||||||||
||||||||||||||||||Supernova||||||||||
||||||||||||||||||Supersede||||||||||
||||||||||||||||||Supple & Fast||||||||||
||||||||||||||||||Sus og Tommy||||||||||
||||||||||||||||||Suspicious K.||||||||||
||||||||||||||||||Suzi & Quadratrødderne ; http://www.suzi‑q.dk/||||||||||
||||||||||||||||||Svamp||||||||||
||||||||||||||||||SW-80||||||||||
||||||||||||||||||Swain||||||||||
||||||||||||||||||Swallow ; http://www.danskmusik.com/dmfbook/rock/html/swallow.html||||||||||
||||||||||||||||||Swan Lee ; http://www.swanlee.dk/||||||||||
||||||||||||||||||Sweatmaster||||||||||
||||||||||||||||||Sweethearts ; http://www.sweethearts.dk/ ||||||||||
||||||||||||||||||Sweet Sessions ; http://www.sweet‑sessions.dk/||||||||||
||||||||||||||||||Swingers ; http://www.band‑swingers.com/||||||||||
||||||||||||||||||Switch||||||||||
||||||||||||||||||Sydhavnens Helte  ; http://www.sydhavnens-helte.dk/||||||||||
||||||||||||||||||“Sylvester” Petersen, Leif ||||||||||
||||||||||||||||||Symposions||||||||||
||||||||||||||||||Søndag||||||||||
||||||||||||||||||Søren Bødker Madsen||||||||||
||||||||||||||||||Søren Kragh-Jacobsen||||||||||
||||||||||||||||||Søren Krogh ; http://www.sorenkrogh.dk/||||||||||
||||||||||||||||||Søren Poppe ; http://www.poppepop.dk/||||||||||
||||||||||||||||||Søren Sko ; http://www.soerensko.dk/||||||||||
||||||||||||||||||Søs Fenger ; http://www.sosfenger.dk/||||||||||
