112|Andre Broadnax|||||||||||||||Queen Bee & Blue Hornet Band||||U.N.V.|||Xavier||Axel Zwingenberger
3LW ; http://www.3lw.com/|Angela Bofill|||||||||||||||Queen Samantha||||U.S. Naval Academy Gospel Choir|Billy Vera & the Beaters||Xclusive|Yaspan, Brian L. |Hans Zimmer
3rd Storee|Anita Baker||||||||||||94 East|Alexander O'Neal|Ann Peebles|? & the Mysterians|Andrew Rivers|||UWF All Stars|Doreen Vail||Xplicit|Christopher Young|Matthew Zacharias
3T|B-Tribe||||||||||Albert Lee||Aaron Neville|Billy Ocean|Antonio Prieto|Quiet Elegance|Ann Rabson|||Ulmer, James Blood |Vinson, Eddie 'Cleanhead' ||Xscape|Ericka Yancey|Zakiya
5th Dimension|B.B.|||Adriana Evans||||||Alexis Korner|Amel Larrieux||Ann Nesby|Jeffrey Osborne|Art Porter|Quindon|Barbara Randolph||2 Men 4 Soul|Ultimate|Ellee Van|||Hudson Young|Zakiyah
702|B.B. King||||Foday Musa Suso||Hound Dog Taylor|||Alicia Keys ; http://www.aliciakeys.net/|Antonia Lawrence||Art Neville|Joan Orleans|Bernard Purdie||Bic Runga||2GM|Uncle Sam|Jeffrey Valentine|Aarin Woods||Marvin Yates|Zap Mama
5 Star|B.B.E.|Ace Cannon||Barbara Jean English|||Aaron Hall|||Artie Kane|Archie Love||Newberry III, Booker|Kevin Owens|Big Pig||Bobby Rush||A Tribe Called Quest|Unifics|Julian Vilante|Abi Wallenstein||Matthew Zacharias|Zapp
5" Royales, The|B.O.S.E.|Arthur 'Big Boy' Crudup||Betty Everett|Fantastic Johnny C||Adina Howard|||King, Ben E. |Barbara Lewis||Charmaine Neville|Lee Oskar|Billy Paul||Brenda Russell||Acrylic Tones|Unified Tribe ; http//www.unifiedtribe.net/|Luther Vandross|Akure Wall||Pete York|Zebrahead
A-James|B.T.F.|Arthur Conley||Billy Eckstine & His Orchestra|Anna Fisher||Alfonzo Hunter|||Bess Kincade|Barbara Lynn||Chris Nole|Marvin Olasky|Billy Porter||Brooke Russell||Taylor, Aisha Angela |Universal Species|Mak Villain|Albert Washington||Y.W.F.C.|Zhane
A.S.A.P.H.|B.t. Express|Barbara Carr||Claude Ely|Aretha Franklin||Anthony Hamilton ; http://www.anthonyhamilton.com/index2.html||Al Jarreau|Knight, Beverley Feat. Redman |Bettye Labette||Cyrille Neville|O'Bryan|Billy Preston||Calvin Richardson||Alesia Turner|Unlimited Beat|Rick Vito|Alyson Williams||Y?n-Vee|Zsanna
ABC's Of Soul (Series)|B00000JXFQ|Betty Carter||Dennis Edwards|Bobby Freeman|Al Green ; http://www.algreenmusic.com/|Beres Hammond||Al Johnson|Beverley Knight ; http://www.beverleyknight.com/|Big Joe Louis||Norman & the Specialists, Dr. Rob |O'Jays|Bobbi Page||Rux, Carl Hancock ||Allen Toussaint|Urban Dub|Sarah Vaughan|Andre Williams||Yarbrough & Peoples|Zulema
Artists, Various Elevator|B2K ; http://www.b2klovesyou.com/|Billy Ray Charles||Detroit Emeralds|Carol Fran|Aubrey Ghent|Bervin Harris||Andy Just|Bobby King|Bill Lloyd|Alicia Myers|Frances Nero|O'Ryan|Bobby Patterson||Riley, Cheryl Pepsii ||Black Thawt|Urban Underground|The Velvets|Angela Winbush||Yardbirds|Zuri
Aaliyah|BLACKstreet|Bobby Caldwell|Andru Donalds|Donnie Elbert|Charlie & Inez Foxx|Barbara George|Betty Harris||Bernie Journey|Chaka Khan ; http://www.chakakhan.com|Billy Lawrence|Amos Milburn|Henry Nelson|O.g. Funk|Bruce Purse||Conner Reeves|7 Mile|Bobby Taylor|Us3||Anita Ward||Yo Yo Honey|Zealots, The ; http//www.thezealots.net/
Ac Black|Baatin|C+C Music Factory|Ann Duquesnay|Doug Eskew|Chevelle Franklyn|Billy Griffin|Horton, Big Walter ||Bob James|Courtney King|Bryan Loren||James Newton|Ocean Drive (Series)|Carl Perkins||D.j. Rogers|A Soulful Christmas (Series)|Bobby Thurston|Usher||Anthony Watson||Young & Restless|Zwei ; http//www.zweidc.com/
Acanto|Baby Boomer Classics (Series)|C-Bank|Betty Davis|Duke Ellington|Chilla Frauste|Bob Glover|Billy Hearn||Bobby Jonz|Dave Kelly|C.m. Lord|Audrey Motaung|Jimmy Nail|Odds 'N' Ends|Peniston, Ce Ce||Dan Reynolds|Alan Silvestri|Carl Thomas|Hikaru|V.A. Syndikate|Anthony Williams||Young Holt Trio|
Adeva|Baby X|C-Funk|Bill & Rhondels Deal|E-Gee|Chris Farlowe|Brian Green|Bobby Harden||Bubber Johnson|Diana King|Cheryl Lynn|Barbara Mason|Jimmy Newman|Odyssey|Cecil Parker||David Royal|Anandji Shah|Carla Thomas|Uncle Heavy ; http//www.uncleheavy.com/|VIP's|Arthur Weston||Young M.C.|
Adkins, Gary ; http//www.garyadkins.com/|Baby, Joan ; http//www.JOANBABY.com/|C-NO|Bill Doggett|E.S.G.|Clyde Felton|Carmen Grillo|Bobby Hutcherson||Buddy Johnson|E.G. Kight|Cj Lewis|McNeely, Big Jay|Johnny Nash|Odyssey Band|Clarke Peters||David Ruffin|Angie Stone|Clark Terry||Valentines|Artie White||Young Men Sent|
Afroskull|Babyface ; http://www.babyfaceonline.com/|C. C. Catch|Bo Diddley|EMI-Capitol R&B Luv Collection (Series)|Denny Freeman|Cecil Gant|Brenda Holloway||Charles Johnson|Eddie Kendricks|Clayton Love|Bill Medley|Marc Nelson|Ohio Express|Dave Powers||Della Reese|Ann Sexton|Danny Tenaglia||Various Artists - R&B/Soul|Baby Washington||Young Zydeco Desperadoes|
Afrowax-Music For The Soul|Back To The 70's Series|C.D. Hawkins And Singers|Douglas, Carl|EMQ Entertainment|Dionne Farris|David Grant|Carla A. Harris||Charlie Jones|Ernie K-Doe|La Salle, Denise |Bitty McLean|Meshell Ndegeocello|Ohio Players|David Peaston||Diana Ross|St. Martin, Armand|Dennis Taylor||Various Artists - R&B/Soul - Doo Wop|Barry White||Youngbloods|
After 7|Backlive|C.O.A.|Dion, Celine|Earl King|Donald Fagen|Davis Gaines|Charlie Hunter||Chuck Jackson|King, Evelyn "Champagne" ||Bob Marley|Milton Craig Nealy|Ohio Singers|David Porter||Donna Renee|Bettye Swann|Doris Troy||Various Artists - R&B/Soul - Funk|BeBe Winans||Youngbucks|
After Hours|Backstreet Boys|C4 Entertainment|Champion Jack Dupree|Early American Blues Classics (Series)|Eboni Foster|Debbie Grant|Chico Hamilton||Cliff Jackson|Frankie Knuckles|Eddie Levert|Bobby Marchan|N'Dambi|Okeh Rhythm & Blues (Series)|Dean Phil||Eddie Robinson|Bill Sims|Ed Townsend||Various Artists - R&B/Soul - Motown|Bernie Worrell||Yetti ; http//www.yettiband.com/|
Ahmad|Baddest Love Jams (Series)|CR|Cheryl Daniels|Early American Rural Music (Series)|Eboni Fostor|Debbie Gravitte|Cissy & Whitney Houston||D.D. Jackson|Freddie Keppard|Elisha La'verne|Bobby McClure|N.W.A.|Okeh Soul|Frankie Paul||Eivets Rednow|Billy Stapleton|Edna Tatum||Velons|Betty Washington||Younglove, Doreen ; http//www.doreenyounglove.com/|
Aim|Baizura, Ning|Cadillacs/Orioles|Chico DeBarge|Early Girls (Series)|Eddie 'little Buster' Forehand|Gillespie & The United Nations Orchestra, Dizzy|Cissy Houston||Deb Jenkins|Freddie King|Eloise Laws|Bobby Mitchell|NDR Big Band|Ol Dirty Bastard|Freda Payne||Eros Ramazzotti|Billy Stewart|Evelyn Thomas||Velvelettes|Betty Wright|||
Ain't Misbehavin' (Related Recordings)|Baktabak Interview (Series)|Cafe Music (Series)|Chris Dreja|Earth Wind & Fire ; http://www.earthwindandfire.com/|Eddie Floyd|Dobie Gray|Clarence 'frogman' Henry||Debra Jackson|Frederick Knight|Ephraim Lewis|Brian McKnight ; http://www.brian-mcknight.com/|Nadanuf|Ol Skool|Freddy Pink||Fred Ross|Brenda K. Starr|Frank Tate||Vera/Clay|Bill Withers|||
Al B. Sure|Bambu|California Raisins|Clinton Daniel|Earth Wind & Fire (Tribute)|Erma Franklin|Donny Gerrard|Clint Holmes||Deon Jackson|Gladys Knight|Frankie Lee|Brigette McWilliams|Nade|Ola Onabule|George Porter Jr.||Freddie Roach|Bunny Sigler|Gary Taylor||Veronica|Bobby White|||
Al Fred & the Acid Soul Conn|Band Of Oz|Cameo ; http://www.Cameo2002.com/|Cornell Dupree|East Bay Rhythm|Ernie Freeman & His Comb|Doris Gramby|Damon Harris||Donell Jones ; http://www.donell-jones.com/|Glenn Kaiser|Funky London|May, Brother Joe |Nadine|Old And New Dreams|Houston Person||Fritz Renold|Candi Staton|Gina Thompson||Verve Jazz Masters (Series)|Bobby Womack|||
A Few Degrees Cooler (Series)|Band With No Name, The ; http//www.thebandwithnoname.co.uk/|Cameron|Craig David|East Side Story (Series)|F.A.T.E.|Earl Gaines|Dan Hartman||Doris Jones|Jean Knight|Gabriel Le Mar|Brownie McGhee|Naif|Old School (Thump Series)|Janice Price||Herbie Russ|Carl Sims|Glenn Turner||Vesta||||
Alfa One Seven|Bar-Kays, The|Campbell Bros.|D'Angelo ; http://www.dangelosangels.com/|Ebone`Soul|Fab II|Eric Gale|Darren Hale||Elena Joyner|Jeff Krassner|George Lamond|Buddy Miles|Najee|Old School Funk (Series)|Jerry Portnoy||Inga Rumpf|Carrie Smith|Tony Orchestra Valor||Vince Vance & Valiants|Brandi Wells|||
Ali|Barbie|Candy Yams & The Bluesville Express|D'Vine|Ebonys|Fam-Lee|G-Clef & Camille|Daryl Hall||Elton John|Jim Kahr|Gerald Levert|Carl Martin|Naked Music Nyc|Old School Love Songs (Series)|Jesse Powell||J.J. Reneaux|Chantay Savage|Howard Tate||Vinegar Joe|Brenton Wood|||
All Saints|Barbie & The Kens|Canton Gospel Soul Children|D-Note|Ecstasy Passion & Pain|Family|G-Ism|Dave Holland||Ernie Johnson|K-Ball|Glenn Lee|Carolyn Mathis|Nas|Old School Mega Mix (Series)|Jimmy Parsons||James Ray|Charlie Smalls|Ike Turner||Vintage Collectibles (Series)|Bruce Willis|||
All That|Barebones|Capitols|D. Train|Eddie Harris|Family Stand|G-Man|Delilah Harris||Etta James|K-Ci|Hattie Littles|Chante Moore ; http://www.chantemoore.net/|Nas-T|Old School Mixx (Thump Series)|Joe Pass||Jerome Richardson|Chris Spedding|Irma Thomas||Vintage Funk|Carolyn Walden|||
All-4-One ; http://www.all4onelive.com/|Barons|Capitols/Deon Jackson|D12|Eighty-Eight-Three|Family Tree|Gablz|Donny Hathaway|||K-Ci & Jojo ; http://www.kciandjojo.com/|Iry LeJeune|Charles Mingus|Nasty Blues (Series)|Old Town Blues (Series)|Kelly Price||Jim Reeves|Chuck Strong|James Taylor||Viper's Freestyle Hit Parade (Series)|Caron Wheeler|||
Allure|Barrio Boyzz|Captain Sky|DDP|El Chicano|Fantasy|Gabrielle ; http://www.gabrielle.co.uk/|Duke Henderson||Johnson, Frank O|K.C. & The Sunshine Band|J. Little|Charles Moore|Nathan & The Zydeco Cha-Chas|Old Town Doo Wop (Series)|Lenny Pickett||Jimbo Ross|Clement SkyGazer|James Tobin||Vocal Pointe|Weldon, Casey Bill |||
Ally McBeal TV Series Soundtracks|Bartholomew, Dave|Carlo|DJ Don's Party Mix|El Stew|Fantasy/Valor|Galactic ; http://www.galacticfunk.com/|Eddie Hall||Fred James|KC|Jennifer Lopez|Chet McCracken|Naughty By Nature|Olivet-Oakland Choir|Lenny Price||Jimmy Reed|Clyde Stubblefield|James Treadwell||Vogues|CeCe Winans|||
Althaus Quartet|Basement App.|Carmichael|DJ Jazzy Jeff & The Fresh Prince|Elements Of Life|Fast Freddie's Fingertips|Galaxy|Eddie Hazel||Freddie Jackson|Kabudi|Jimmy Lewis|Clara McDaniel|Navarro/Stitt/Powell|Ollie & the Nightingales|Lou Pride||Jimmy Roselli|Dan Sinasac|Jason Taylor||Voices Of Theory|Charles Wright|||
Am. Folk Blues Festival '63|Bass|Carnival Of Soul (Series)|DJ Nut Nut|Eli & K Serrah|Fat Larry's Band|Galliano|Eddie Hinton||Freddie James|Kai|Johnny Littlejohn|Clyde McPhatter|Nayobe|Olu|Lucky Peterson||Johnnie Ray|David Simmons|Jimmy Tate||Voices of East Harlem|Charlie Wilson (R&B)|||
Am. Folk Blues Festival '63-'67|Bass Master Kahn|Case|DJ Rap|Eliza Band|Fat Larry's Band/Wells|Gap Band|Eddie Holloway||Garland Jeffreys|Kain|Lewis, Johnny Quartet|Curtis Mayfield|Nelly|Olympics|Paul, Lynsey De ||Juliet Roberts|Dede Saint-Prix|Joe Tex||Volume 10|Chris Walker|||
Am. Folk Blues Festival '65|Bass Master Khan & Elements Of|Cashmere|DJ Shadow|Elmore James (Tribute)|Fatback Band|Gap Band; Ohio Players; Lakeside|Eddie Holman||Glenn Jones|Kalena|Lee, Julia & Her Boyfriends |Dakota Moon|Neville Brothers ; http://www.nevilles.com/|Om Lounge (Series)|Maceo Parker||Karen Ramirez|Dennis Springer|Johnnie Taylor||Voo Doo Phunk|Chris Wood|||
Am. Folk Blues Festival '66|Bass/Peaston|Cassandra|DJ Spinna|Elridge|Fe'nique|Gardner/Ford|Ellis Hall||Gloria Jones|Kandi ; http//www.heykandi.com/|Kenny Lattimore|Debelah Morgan|New Birth|Omar & The Howlers|Mica Paris||Ray, Kenny 'Blue' |Donna Summer|Jonathan Tunick||Voodoo Kings|Christopher Williams|||
Am. Folk Blues Festival '67|Batman (Related Recordings)|Center Piece|DJ's Choice (Series)|Elusion|Fellowship|Gardner/Ford Quintet|Engelbert Humperdinck||Grace Jones|Kano|L.L. Cool J|Delbert McClinton|New Edition|Okai, Omar|Nicky Porter||Kevin Ramsey|Doug Shorts|Judy Torres||Voyage|Christopher Wilson|||
Am. Folk Blues Festival '69|BeBe Winans/CeCe Winans|Center St. Band|DMX|Embers|Fever|Green, Garland|Eric Hayslett||J'son|Kansas City Kitty|L.T.D.|Denroy Morgan|New Identity|Omega Forbes|P Diddy||Kym Rae|Dudley Smith|Kevin Toney||Vybe|Clyde Wright|||
Am. Folk Blues Festival '70|Bearrage|Cerah|DSK|Eminem|Few Good Men|Garnet Mimms & The Enchanters|Hideaway Bridges, Eugene||J-Shin|Karaoke|L.T.J. Bukem|Don McMinn|New J.b.'s|On The Down Low|P Nu Riff||Lionel Richie|Dusty Springfield|Lewis Taylor ; http//www.lewistaylormusic.com/||Vida, Aline ; http//www.alinevida.com/|Daryl Waters|||
Am. Folk Blues Festival '72|Bocage With His Creole|Cerrone|Da Klik|Emosia|Fieldstones|Gaturs|Everette Harp||J. Anthony ThompSon & Friends|Kashif|LSG|Dorothy Moore|New Jack Hits|One + One|P-Funk Guitar Army||Lou Rawls|Scott, E. C.|Lidell Townsell||Vinyl ; http//www.vinylgroove.com/|Delroy Wilson|||
Am. Folk Blues Festival '81|Beats International|Chaddy 1 P.u.s.|Da Youngsta's|Emotions|Fifteen Top Spins|Gavino|Fred Hammond||J. J. Johnson|Katalina|Lace|Eddie Murphy|New Orleans Beau|One Hundred Proof (aged In Sou|P.M. Dawn||Mark Radice|Earl Slick|Lillo Thomas|||Deniece Williams|||
Ama, Shola|Beats Working (Series)|Champaign|Dag|En Vogue ; http://www.en-vogue.net/|Fine Young Cannibals|Gaye/Franklin|Fred Horn||J.W. & Mr. J.|Kathleen Perry & the Art Perry Ensemble|Ladae!|Floyd Miles|New York City|One Way|PC Munoz and the Amen Corner||Martha Reeves|Edwin Starr|MC Twan|||Dexter Wansel|||
Ambassadors Of Funk|Beauty & the Beast|Change|Daize|Enchantment|First Choice|Gemini|Freddie Hughes||JOI|Katz|Lady Red|Frank McComb|New York Swing|Only Dance (Series)|Paid & Live||Reeves & Vandells, Martha|Elmer Snowden|Matt Taylor|||Diane Walker|||
Ambelique|Becca|Change Of Heart|Daktaris|Encores (Concert Series)|First Choice/Instant Funk||Fuzzy Haskins||Ja Rule|Kava Kava|Laila|Fred McDowell|Newcleus|Only Love (Series)|Pal Joey||Melvin Riley|Esther Sierra|McCoy Tyner|||Dicky Williams|||
Amber|Bee Gees (Tribute)|Changing Faces|Dalia|Enforcers|First Choice/Ripple|Genesis Baptist Church Choir|Haddaway||Ja'a|Kazie|Laissez Faire|Garnet Mimms|Newcomers|Only Soul (Series)|Paladins||Michael Ruff|Evie Sands|Mor Thiam|||Dig Wayne|||
Ambersunshower|Before Dark|Chapter 8|Damage|Entertainment Weekly (Series)|First Choice/Skyy|Genie & the Beast|Haegers Bend||Jack / Levine, Sam Jezzro|Kdb|Lakeside|Gene McDaniels|Nexstep|Opus III|Papa Chubby||Minnie Riperton||Nick Turale|||Dinah Washington|||
American Dream (Series)|Before The Blues (Series)|Charades|Damita Jo Dublanc|Entouch|First Class|Genuine Houserockin' Music (Series)|Hall & Oates||Johnson, Jack|Kelis ; http://www.kelis.com/|Lamont Cranston Band|George Mayweather|Next|Original Drifters|Papa Mali & The Instagators||Nadine Renee|Frankie Smith|Oscar Jr Toney|||Dionne Warwick|||
Amerie ; http://www.amerieonline.com/|Belizbeba ; http//www.belizbeha.com/|Charisma|Damned|Envoy|Five Red Caps|Gershwin (Tribute), George|Halos||Jackers|Kellis|Laquan|George McCrae|Next Movement|Original Salsoul Classics (Series)|Paramounts||Nicole Renee|Freddie Scott|Ralph Tresvant|||Dwayne Wiggins|||
Amiel||Charito|Dance Traxx (Series)|Enyaphace|Five Stairsteps|Georgio|Hank Ballard & The Midnighters||Jackson 5|Ken Burns JAZZ Collection|Levan, Larry|George McRae|Nicky D|Original Soul Christmas|Parker/Wesley||Nile Rodgers|George Shearing|Rhett Tyler|||Eugene Wilde|||
Amy B.|Bell Biv Devoe ; http://www.bbd-music.com/|Charlie & Ray|Dancehall Divas|Epic Voices|Flaming Ember|Greene, Gerald|Happenings||Jackson/Bryson|Kevin Purcell and The Nightburners|Latanya|Gerald McCauley|Nicole (R&B)|Original USA Gospel Chor|Parlet||Nipsey Russell|Gil Scott-Heron|Richard Tee|||Fats Waller|||
Amyth|Bell, Ricky|Chart Toppers (Priority Series)|Dancin' Divas|Equals|Flash|Get Down Tonight|Hard As Hell!||Jackson/Hayes|Kevin Saunderson|Latimore|Glenn Medeiros|Night And Day|Originals|Parliament||Otis Redding|Gregg Smith|Ruby Terry|||Franklin White|||
Anastacia|Belly Love ; http//www.bellylove-sf.com/|Cher|Danleers||Fleetwood Mac|Giggles|Hardware||Jacksons, The ; http://www.jacksonfamily-database.de/|Keystone|Latin Science|Graig Markel|Night Moves (Series)|Orquestra Was|Parliaments||Otis Rush|Harvey Scales|Ruby Turner|||Fred Wesley|||
Anderson, Sunshine ; http://www.sunshineanderson.com/|Belmonts|Cherrelle|Danny Boy|Ernest J. Lee & the Spirit of David|Flick Hits|Gillette|Harlem River Drive||Jade|Kickin Mental Detergent|Lattisaw/Gill|Gwen McCrae|Nightmare Records (Series)|Osibisa|Pastel Six||Pam Russo|Smith, Huey "Piano" |Rufus Thomas|||Glenn Walters|||
Andre, Peter|Benito|Chess Blues (Series)|Darrius|Escorts|Flick Hits-Take 2|Ginuwine ; http://www.ginuwine.com/|Harlem Rock N' Blues (Series)||Jagged Edge ; http://www.jaggededge.net/|Kid Dynamite|Lee, Laura|Jackie Moore|Nik-Tash-Ta|Otis Williams & The Charms|Patrix||Patrice Rushen|Jamie Sparks|Russ Tolman|||Washington Jr, Grover|||
Andrea True Connection|Bennett, Gregory|Chi-Lites|Davina|Eshay|Flirts|Give Your Body Up (Rhino Series)|||Jah Works|Kilo|Laurnea||Nite Liters|Out Of Eden|Patty & Emblems||Paul Robeson|Jamshied Sharifi|Sam Taylor|||Jack Wilson|||
Aneel|Burdon & War, Eric|Chic|Dazz Band|Esquires|Floaters|Glass Family|||Jaheim ; http://www.jaheimmusic.com/|Kina ; http://www.4kina.com/|Lavias|Jason Morphew|Nitro Deluxe|Outkast|Peace Bureau||Paul Rutherford|Sams, Jeffrey D. |Sleepy's Theme|||Jackie Wilson|||
Angel Session|Best Of Candlelite Records (Series)|Chicago Blues Nights (Series)|De La Soul|Essence|Flupway|Glenn Walters featuring Strokeland Superband|Have Mercy||Jakki O|King Biscuit Boy|LeVert|Jay McShann|No Authority|Outta Order|Peaches & Herb||R & B Confidential|Jesse Stone|Sonny Terry|||Jason Weaver|||
Angelic|Best Of House Music|Chick Corea|De Vaughn/Direct Current|Essential Dancefloor (Series)|For Collectors Only (Series)|Gaynor, Gloria|Head Bobbin' Entertainment||Jamaican Quad Squad|King D|Leadbelly|Jim McCarty|No Question|Over Comers|Pearls Of Faith||R & B Relix (Series)|Jill Scott|Sonny Thompson|||Jean Wells|||
Anggun|Best Of Motorcity (Series)|Chicken Soup For The Soul (Rhino Audio CD Series)|Dead Nation Crew|Essential Disco (Series)|For Real|Goldee Heart|Heart Of Southern Soul||Jamal|King Floyd|League Of Decency|Jimmy Murphy|Noel|Robert Owens|Pebbles||R&B Years|Jimmy Slyde|Sonny Til|||Jimmy Witherspoon|||
Anthem|Best Of New Orleans Rhythm And Blues (Series)|Chimes/Videls|Deb Jenkins Band|Essential Masters of Jazz (Series)|Force M.d.'s|Golden Age Of Black Music (Series)|Heatwave||Jamelia ; http://www.jamelia.com/|Kinney/Lasalle/Wilson/Duncans|Leftfield|Joan Matthews|Non-Stop Disco (Series)|Roy Orbison|Pelvic Delta||R.B.L. Posse|Jimmy Soul|Sonny Treadway|||Jody Watley|||
Anthony B|Best Of Rave (Series)|Chin|Debarge|Estevan|Force One Network|Golden Dozen|Heatwave/C & C Music Factory||James Thom Thing|Kipori 'Baby Wolf' Woods|Legendary Dukes|Joe Marquand|Non-Stop Funk (Series)|Shuggie Otis|People's Choice||R.J.'s Latest Arrival|Joe Sample|Sonny Turner|||Watson, Johnny "Guitar" |||
Antitesi|Best Of Romantic Moments|Chocolate Milk|Deborah|Eternal|Forever Gold (Series)|Golden Philly Classics (Series)|Heaven & Earth (Reggae)||Jamestown|Kiss the Sky|Legends Of Doo-Wop (Series)|Joe Marshalla|Nonstop Disco Workout (Series)|Sounds Orchestral|Percy Mayfield (Tribute)||R.p.m.|Joe Simon|Spyder Turner|||Walker, Johnny 'Big Moose' |||
Antonio Carlos Jobim (Tribute)|Between The Lines|Chocolate Syrup/Jimmy Briscoe|Decade Of Dance|Eternal Voices|Forever Soul (Series)|Golden Throats (Rhino Series)|Hunter, Herbert||Jamey Aebersold Play-A-Long Series|Kleeer|Legends Of Jump Blues (Series)|Joe Meek|Noreaga|Official Dunzi & C-low Swing the Selector, The|Perfect Blend||RST Records: Early R&B (Series)|Joe Stubbs|Steve Tirado|||Johnny Whitehall|||
Apache|Beverly|Chop Shop|Dee Dee|Ethan Burnett & the Voices of Judah|Formula Five|Goodfellaz|Hancock, Herbie||Jamiroquai|Klymaxx|Les Nubians ; http://www.lesnubians.com/|John Marshall|Norman Whitfield (Tribute)|Orioles, The|Persuaders||Rabbit Ears (Series)|John Scofield|T-Connection|||Joja Wendt|||
Archie Bell & The Drells|Big Bad Smitty|Christianaires|Deee-Lite|Ethics|Foundations|Gospel Tribe Family|Here Come The Girls: (60's British Female Pop Series)||Jamm|Knee Deep Shag|Leschea|John Mayall|Notations|On Air Band ; http//www.onairband.com/|Peter Fujii & Deszon X. Claiborne||Rachid|John Surman|T.C.F. Crew|||Justin Warfield|||
Arhoolie Label Classics (Series)|Big Bub|Christine Cooney|Deele|Eunique|Four P.m.|Gq|Hi Rhythm||Janet Jackson ; http://www.janetjackson.com/|Knight Brothers/Willis/Thomas|Level 42|Johnny Mathis|Npg|Optimum ; http//www.optimummusic.com/|Phajja||Rad|Jon Simon|TC|||Kai Winding|||
Arista Heritage (Series)|Big Caboose & The Soul Penetrators|Christion|Deep Soul (Series)|EuroTrash|Four Point O|Graham Central Station|Hi-Five||Janice|Kobi|Lewallen Brothers|Joseph Patrick Moore|Nu Beginning|Ortophonk ; http//www.ortophonk.com/|Phalon||Rae & Christian|Joyce Sims|TLC|||Karyn White|||
Arrabon|Big Corn|Christmas Classics|Defunkt ; http://www.defunktmusic.com/|Every Great Motown Song (Series)|Four Sure|Grammy (Related Recordings)|Hicks/Hughes||Jarmels|Kofi|Lewis; Ammons; Sykes; Yancey; Slim|Kathy Myron|Nu Flavor|Otis Day & The Knights ; http//www.otisdayandtheknights.com/|Pharcyde||Raggs|Julian Stringle|TQ|||Keith Washington|||
Art Laboe Presents (Series)|Big Daddy|Christmas In Vienna|Deja|Exciters|Fourplay|Grammy Nominees (Series)|Hieroglyphics||Jasmin|Korell|Liberty|Kelli Mack|Nu Shooz||Phat Phunktion ; http//www.phatphunktion.com/||Rahzel|Kalyanji Shah|Take 6|||Kelli Williams|||
Art N' Soul|Big E The Black|Chuck Brown & The Soul Searchers|Delano|Faith Evans ; http://www.faithfullyfaith.com/|Foxx|Grammy's Greatest Moments (Series)|Hip-Hop Nation||Jay & The Techniques|Kreators|Lifestyles Of The Slow & Low (Series)|Larry Marshall|Nut N' 2 Nice||Phat Trax: Best Of Old School (Series)||Rain 'n' Tears|Keith Sweat|Talib from Imajin|||Kenny Werner|||
Arthur Alexander|Big Joe Turner|Chuck D.|Dells/Dramatics|||Grateful Dead (Tribute)|History Of House Music||Jay-Z|Kreuz|Light Of Love|Laura Martinez|Nuttin' Nyce||Phats & Small||Raja-Nee|Kimberly Scott|Talkin' Verve: Roots Of Acid Jazz (Series)|||Kim Waters|||
Artifacts|Big Joe Williams|Cigar Classics (Series)|Delta 72|Harry Edison||Great Gospel (Series)|Hits Of The Seventies||Jaze|Kristine|Lighthouse Family|Lee Marrow|Nyasia||Perry, Phil||Ram Squad|Latise Shale't|Tamar|||Kim Weston|||
Asante|Big Kahuna|Cindy G.|Demolition Doll Rods|John Ellison|Frankie|Great R&B Groups (Series)|Holland/Dozier/Holland||Jazz 'Round Midnight (Series)|Kurtis Blow Presents The History Of Rap (Series)|Lightnin' Slim|Lee Morris|Ollie Nightingale||World, Philly||Ransom|Lea Salonga|Tamia|||Kino Watson|||
Ashanti ; http://www.ashantimusic.net/|Big Lucky Carter|Civil Tones, The ; http//www.civiltones.com/|Demond|Kevon Edmonds|Frat Rock (Series)|Greatest Freestyle Hits (Series)|Holloway||Jazzhole|Kut Klose ; http//www.kutklose.com/|Lights Our/Little Liz|Moss Jr., Leonard|Newton, Peter Alex ||Piano Jazz (Radio Series)||Rare Earth|Lina Santiago|Terrell, Tammi|||Lenny Welch|||
Ashford & Simpson|Big Mama Thornton|Claire and Rusty Cloud|Dennis Brown/Gregory Isaacs|Laura Enea|Fraze|Greazy Meal|Holloway/First Choice||Jazzmatazz (Series)|Lil' Kim|Lil Suzy|Les McCann|Salt-N-Pepa||Pilar||Rare Essence|Loretta Stokes|Tams|||Lenny White|||
Assorted Phlavors|Big Maybelle|Carter, Clarence|Des'ree ; http//www.desree.co.uk/|Linda Eder||Green/Brown/Davis/Womack/Mason|Holloway/Salsoul Orchestra||Jazzyfatnastees|Mabel King|Lil' Ed & The Blues Imperials|Lisette Melendez|Sammy Nestico||Pimp Daddy Nash||Rascals|Marc Shaiman|Taral|||Lenny Williams|||
Astors|Big Mojo Elem|Clarence Johnson Presents|Destination|Loose Ends||Greyboy Allstars ; http://www.greyboyallstars.com/|Holly Rob/Dr. Ray||Jellie|Kirkland, Mike James |Lil'D|Lutricia McNeal ; http://www.lutricia.com/|Shara Nelson||Pinay||Rashaan|Marlena Shaw|Taste Of Honey|||Leon Ware|||
Athletic Mic League|Big Muff|Clark/Gray|Destinations|Lorraine Ellison|Free Movement|Griffin/Valli|Holmes Brothers||Jelly Beans & Friends|Pancho Kryztal|Lina ; http://www.lina-online.com/|M People|Tarik Nia||Pink||Ravens|Marvin Sease|Tavares|||Lynn White|||
Atlantic Blues (Series)|Big Planet Soul ; http//www.bigplanetsoul.com/|Class Reunion (Series)|Destiny's Child ; http://www.destinyschild.com/|Lowell Edward|Free Radicals|Groove & The Gang|Honee||Jemini The Gifted One|Kimble, Pastor Cloyde |Link|M.F.S.B.|Natural Four, The||Planet Patrol||Raw Stylus|Mavis Staples|Teardrop|||Marcus Williams|||
Atlantic Label (Series)|Big Roll Band|Classic Dancefloor Labels|Detonators!|Missy Elliott|Freeez|Groove Collective|Honey & The Bees||Jenesis|Paul Kelly|Lipps Inc.|M.J.Q|Number One's (Series), The||Platypus||Ray Goodman & Brown|Michael Speaks|Technotronic|||Mario Winans|||
Atlantic Starr|Big Twist & Mellow Fellows|Classic Jamie Masters|Devotion|Mother Earth|Freeez/Halloway|Groove Hogs|Honey Cone||Jackson, Jermaine|Porche King|Lisa Lisa & Cult Jam|MALO|Ultra Nate||Playa||Ray J|Michael Sterling|Ted Taylor|||Mark Wynter|||
Atlantic's Hit Singles (Series)|Bilal ; http://www.bilal-the-man.com/|Classic Jazz Funk (Series)|Dial/Oatts|Omar A. Edwards|Freestyle|Groove On! (Series)|Honeyz||Jacks Meet the Cadets|R. Kelly|Lissen|MBD|Vernon Neilly||Playtonics||Ready For Reality|Mike Stevens|Teen Dream|||Martha Wash|||
Atmosfear|Bill Black's Combo|Classic Mellow (Series)|Die Lollipops|Pee Wee Ellis|Freestyle (Series)|Groove Theory|Honkers & Bar Walkers (Series)||Jerryo|Robert Knight|Little Ann/Lark/Page/Jt Rhythm|MC Solaar|Xavier Naidoo||Pleasure||Ready for the World|Millie Scott|Television|||Marva Wright|||
Attica Blues|Barr, Frederick & Erica |Classic R & B Oldies (Series)|Diego Red|Princess Erika|Freestyle Greatest Beats (Series)|Groove Thing|Hoodoo Rhythm Devils||Jesse|Shun Kikuta|Little Anthony & The Imperials|MTV Party To Go (Series)|Ndegeocello, Me´Shell ; http://www.meshell.com||Plunky & Oneness||Real Thing|Nina Simone|Temprees|||Marvin Williams|||
Auto & Cherokee||Clay/Brown|Digable Planets|Roy Eldridge|Freestyle's Greatest Hits (Atlantic Series)|Groove U|Hostyle||James, Jesse|The Katinas|Little Beaver|MTV: The First 1000 Years (Series)|||Po' Broke & Lonely?||Rebel Amish Radio|O.C. Smith|Temptations|||Mary Wells|||
Avant ; http://www.avant-music.com/|Briscoe & Little Beavers, Jimmy|Clayton/Brown|Diggin' The Crates (Series)|Roz Ellington|Freestyle's Greatest Hits (MicMac Series)|Guitar Crusher|Hotel De Love||Johnson, Jesse|King's Record Collection (Series), The|Little Caesar & The Romans|MacK|Nivea ; http://www.online-shrine.com/nivea/||Pockets||Reign|Oliver Sain|Ten City|||Mary Wilson ; http//www.marywilson.com/|||
Avb|Billboard Hot R & B Hits (Series)|Cleopatra|Dinah Washington (Tribute)|Santa Esmeralda|Friends Of Distinction|Guitar Shorty|House Afire||Jessica|Tony Koussa Jr.|Little Esther|Mad Doctor X|||Poetic Thug & Romeo||Reinald-O|Peggy Scott|Ter'ell|||Mel Waiters|||
Average White Band ; http://www.averagewhiteband.com|Billboard Hot Soul Hits (Series)|Clinton/Parliafunkadelic|Dionne|Shirley Ellis|Fugees|Gullah Kinfolk|House Brew|Big Dee Irwin|Jets|Toshi Kubota|Little Eva|Mad Flavas: Beats For The Boulevard (Series)|||Pointer Sisters||Remixx|Peggy Scott-Adams|Teresa James & the Rhythm Tramps|||Michael Warner|||
Avons|Billboard Top Rock'N'Roll Hits (Series)|Cloud One|Diplomats|Terry Ellis|Fuller & Terry|Guru|House Of Blues (Series)|Eric Idle|Jhelisa|Knowles, Beyonce ; http://www.beyonceonline.com/|Little Louis|Mad Kutz|N-Program ; http//www.accessiveforce.com/||Polyester Players||Remote Control Egypt|Percy Sledge|Terrance T|||Michael-Leon Wooley|||
Axiom Funk||Clovers|Direct Current|Terry Evans|Funk Inc|Guy|Houston/Winans|Gregory Isaacs||Knowles, Solange ; http://www.solangemusic.com/|Little Milton|Mad Max (Related Recordings)|Nussbaumer, George ; http//www.george.ch/||Poonanny||Renard With No Regard|Percy Strother|Terri & Monica|||Walden, Narada Michael|||
Ayers|Bonds, Billy|Club Epic (Series)|Dirty Dancing (Related Recordings)||Funkadelic|Guthrie, Gwen|How Can I Keep From Singing?|I Can't Be Satisfied: Early American Women Blues (Series)|James, Jimmy|Kool & The Gang ; http://www.koolandthegang.com/|Little Richard|Mad Professor|||Pornosonic||Rene & Angela|Pops Staples|Terrion|||Nita Whitaker|||
Az Yet|Billy Ward & The Dominoes|Club Mix (Series)|Dirty Redd Productions|The Earls|Funkology (Series)||Howard Hewett|IMX|Johnson, Jimmy|K´Alyn ; http//www.kalynmusic.com/|Little Smokey Smothers|Madame X|||Porterhouse Quintet||Reno Jones|Ray Sharpe|Tate, Terry|||Norman Whitfield|||
Azuli Artists Sampler|Birth|Club Nouveau|DisGuyz|Essence of the Blues, The|Funky Tales (Uni/Excello Series)||Huck-A-Bucks|IQ|Jo Jo Zep|K.R.O. and the House Band ; http//www.krofunk.com/|Little Voices of Praise|Madd Blunted|||Portrait||Res|Rena Scott|Tezman Vic|||Wright, O.V.|||
Acklin, Barbara|Birth Of The Cool Funk (Series)|Clyde's Ride|Disco Nights (Series)||Fuse II|Jaki Graham|Hues Corporation|Ice T|Jo Jo Zep & Falcons|Kama ; http//www.kamamusic.com/|Little Willie John|Maf|||Pothole||Return Of The DJ (Series)|Rhonda Smith|Tha Truth|||Phil Wilson|||
Avila, Bobby Ross|Black & Brown|Coasters|Divas Of Dance (Series)|Theodis Ealey|Fuzz|James Govan|Isaac Hayes ; http://www.isaachayes.com/|Icehouse|Joaquin|Kathy Walker Band, The ; http//www.kathywalker.com/|Little Willie Littlefield|Magic Lanterns|||Power 106fm Presents||Reverend Rusty & The Case|Rick Springfield|That 70's Show Presents (Series)|||Phillip Walker|||
Anderson, Carl|Black Atmosphere|Coko|Diversity|Willie Eason||Joanna Gardner|J.B. Hutto|Ideal|Jock Rock (Series)|Kaye Sonya ; http//www.sonyakaye.com/|Living Chicago Blues (Series)|Magic Touch & Friends|||Power Of Seven||Reynaldo Rey|Rockin Sidney|Three Degrees, The|||Pip Williams|||
Anderson, Carleen|Black Box|Cash & Jerry Lee Lewis, Johnny|Dixie Hummingbirds|Equipments ; http//www.equipments.de/|Jimmy Forrest|Johnny Gill|James Horner|Ii D Extreme|Jodeci|Ken DeRouchie Band ; http//www.kdb.net/|Locking [R&B/Soul] Eclipse Recordings [Series]|Magnificent Men|||Power Workout Series||Rezinker|Stewart, Rod "Stewbonz" |The Tokens|||Robby Wilson|||
Aguilera, Christina|Black Dave|Coleman & Coleman|Dj Pooh|Experience Unlimited (EU) ; http//www.dabutt.com/|Joy Fleming||Jennifer Holliday||Joe|Kim, Cat ; http//www.catkimmusic.com/|Logg|Mahogany|||Premiere||Rhythm & Blues Christmas (Series)|Roland Stone|Third Degree|||Williams, Robert Pete |||
Colonel Abrams|Black Eyed Peas|Collage|Dk Dyson|Extra Large ; http//www.extra-large.net/|Funk & Love Machine, Jr|Larry Graham|Jimi Hendrix (Tribute)|Ikettes|Joe Public|Kim, Julie ; http//www.julie-kim.com/|London Funk Allstars|Main Ingredient|||Pretenders||Rhythmtown-Jive|Rosemary Squires|This Is Acid Jazz (Series)|||Robert Walter|||
Courtney Audain|Black Ivory|Color Me Badd|Doc Pomus (Tribute)|||Lonnie Gordon|Jimmy "Bo" Horne|Imagination|John Byrd & Walter Taylor|Kimberlee ; http//www.KimberleeMusic.com/|London Symphony Orchestra|Maktub ; http//www.maktub.com/|||Pretty Poison||Rodgers, Richard|Rudolph Stanfield|Thom Teresi|||Robert Williams|||
Devyn Austin|Black Nasty|Colour Club|Dom DeLuise||Kirk Franklin|Lori Gold|Jimmy Hodges|Imajin|Jones, Johnny "Yard Dog" |Kwame D. ; http//www.KwameD.com/|Lord Tariq & Peter Gunz|Malcolm X (Motion Picture - Related Recordings)|||Prime Time Funk ; http//www.primetimefunk.com/||Randlett, Rick|S.H.E.|Three Steps From Nowhere|||Ruby Wilson|||
Gerald Adams|Black Rob|Comets|Dootone Doo-Wop (Series)||Lars Falk|Macy Gray ; http://www.macygray.com/|Jimmy Holiday|Imani|||Lorenzo|Male Hits Of The 1970s & 1980s (Series)|||Primettes||Riff-Raff|S.O.U.L.|Tian|||Stevie Wonder|||
Gerald Albright|Black Top Blues (Series)|Coming Of Age|Double Exposure||Lisa Fischer|Malcolm Gets|Joe Henderson|Immature|Johnny O||Louie Louie|Male Hits Of The 1990s (Series)|||Prince||Right Choice|SMUV|Tiana|||The Who|||
Gerald Alston|Black Voices|Commodores|Doug Duffey||Lowell Fulson|Marvin Gaye|Joe Hicks|Impressions|Joi ; http//www.joi-online.com/||Louisiana Red|Malemen|N-Toon ; http://www.n-toon.com/||Prince (Tribute)||Rik G|SWV|Tierra|||Wizard Of Oz (Related Recordings), The|||
Gregory Abbott|Blackalicious|Commonwealth of PA COGIC Mass Choir|Dr. Buzzard's Original Savannah Band||Mark Ford|Mary Griffin|John Holt|Impromp 2|Jointz From Back In Da Day (Series)||Love Jams (Series)|Man Among Men|||Prince Charles||Ripple|Sa Deuce|Timbaland|||Wonder Years (Related Recordings), The|||
Gwyn Ashton|Blak Male|Company B|Dr. Dre||Martin Franco|Michelle Gayle|Hooker, John Lee|In The Spotlight (Series)|Jomanda||Love Unlimited|Man Parrish|||Prince Charles & City Beat||Rivertown Blues Plus!|Sacred Groove|Time|||Tony Whitfield|||
Horace Andy|Blaque ; http://www.blaque.net|Con Funk Shun|Drea||Mary Ann & Satin Soul Farra|Nona Gaye|Josh Hyde|In Yo' Face: History Of Funk (Series)|||Love Unlimited Orchestra|Man Sueto|||Prince Paul||Rivieras|Sacred Steel Guitars (Series)|Timeless Treasures|||Tony Williams|||
|Blazze ; http//www.blazze.net/|Concrete Poetry|Dream Feat|||Pete Gage|Kia Henson|Incognito|Jon-Paul & Rich||Low Rider Magazine : Rap/Hip Hop Soundtracks (Series)|Manchild|||Princess||Roachford|Sade|Thomas, Timmy|||Wilson, U.P.|||
Inez Andrews|Blessed Event|Continental Four|Dreamlovers||Nanette Frank|Peter Green|Lalah Hathaway|Incredibles|Jones Girls||Lowrider R&B Oldies Hits (Series)|Mandrill|||Priscilla||Robert Bradley's Blackwater Surprise|Sadies|Turner, Tina|||Vanessa Williams|||
Izora Armstead|Blind Pig Sampler: Prime Chops (Series)|Contours|Dreamlovers/Showstoppers||Rev. C.L. Franklin|Quinn Golden|Lauryn Hill|Independents/Gordon/Presidents|Joneses||Ltg Exchange|Manhattans|||Prisonaires||Robert Johnson (Tribute)|Saffire : The Uppity Blues Women|Tiorah|||Vesta Williams|||
Jo Armstead|Block Party (Series)|Controllers|Drew's Famous Party Music (Series)||Robben Ford|Reg E. Gaines|Lee Holdridge|India Arie ; http://www.indiaarie.com/|Joose||Lucy Pearl|Manhattans/Topics/Caldwell|||Prodigy||Robert Ross Band|Safire|Titus|||Vince Weber|||
Johnny Ace|Blood Sky|Conway Brothers|Drifters||Roberta Flack|Rosco Gordon|Lena Horne|Individual|Jovan||Lyric|Maniak|||Profyle||Roberts/Summer|Saison|Today|||Viola Wills|||
Johnny Adams|Bloodstone|Cookies|Dru Hill ; http://www.druhill.net||Rodney Franklin|Savion Glover|Leon Haywood|Ingram|Jovanotti||Mad Lads|Manteca|||Prophecy 1||Robin S|Sam & Dave|Terry, Todd|||W.E.|||
Johnny Artis Band|Blowfly|Cornelius Brothers|Du Droppers||Sandra Feva|Scott Grooves|Leon Huff|Inner City|Joy!||Major Lance|Mar-Keys|||Psalmistry||Roc & Kato|Sam Donahue & His Orchestra|Together As One|||Wade In The Water (Smithsonian Folkways Series)|||
Julie Anthony|Blowin' Smoke Rhythm & Blues Band|Coro|Dub Me Ruff (System)||Frierson, Stefania Stone |Steve Guyger|Leroy Hutson|Inner Life|Joya||Mark Leeman|Marcus Matthews|||Public Announcement||Rochelle|Salter, Sam|Toledo|||Walk To The Beat|||
Kenny Andrews|Blue Break Beats (Blue Note Series)|Count Bass-D|Dubs||Floetry ; http://www.floetry.net/|Terrell Gaye|Linda Hopkins|Inner Shade|Jubilation: Great Gospel Performances (Series)||Mary Love|Miller, Marcus|||Pulp Fusion||Rock Instrumental Classics (Series)|Sammie|Tom Jones Show (Series)|||Wallace Brothers|||
Kilo Ali|Blue Eyed Soul Of Texas|Country Rhythm & Blues|Dyke & The Blazers||Terry Frank|The Glass House|Linda Hornbuckle|Inner Voices|Jubilee & Josie R&B Vocal Groups (Series)||Michel Legrand|Mardi Gras In New Orleans (Series)|||Pumpkin||Rock On (Series)|Sandi Edwards|Tommy (Related Recordings)|||Walter "Wolfman" Washington|||
Kokomo Arnold|Blue Magic|Counts|Dynamics|||Glory Of Love (Series), The|Hampton & His Orchestra, Lionel|Innerlude|Jacobs, Judy||Mike Logan|McPartland, Marian|||Purdie/Bascomb||Rock The Planet (Series)|Sandra St. Victor|Tommy Boy's Greatest Beats (Series)|||War|||
Marc Anthony|Blue number nine ; http//www.bluenumbernine.com/|Coupe De Villes|Dynamix II||The Flamingos|The GranDDaDDy|Loleatta Holloway|Innocence|Juice||Neil Lemon|McCoo, Marilyn ; http://www.mccoodavis.com/|||Pure Disco (Series)||Rockin' Jake Band|Sang 'n Clarence|Tate, Tommy|||Ward/Mccoy|||
Maya Angelou|Bluebeats|Cracker Beats|Dynasty||Four Sharps, The|Greatest Hits Of The 80's (Series), The|Lorenz Hart|Inoj|June Victory & the Bayou Renegades||Oola LaFlora|Mark A. Smith and Uni'tee|||Pure Gold||Rod|Santessa|Tony Humphries|||Warwick/Domingo|||
Oleta Adams ; http://www.oletaadams.com/|Bluebyrds|Cooper, Craig T.|Dynatones||Four Tops, The|Toni Green|Loretta Holloway|Instant Funk|Jungle Brothers||Lightfoot, Papa George |Mark IV|||Pure Soul||Roger|Sapphires|Terry, Tony |||Washington & Renee|||
|Blues Brothers|Creole Kings Of New Orleans (Series)|E.J. Decker||Victor Fields ; http//www.victorfields.com/||Luico Hopper|Instant Funk/Inner Life|Jungle Funk||Patti LaBelle ; http://www.pattilabelle.com|Morrison, Mark|||Portman, Rachel||Roger & Zapp|Sasha (Pop / Soul)|Tony Thompson|||Wataz|||
Patti Austin|Blues Burners|Crescent City Soul|Edmond Daniels||Flatts Final Driv, Vincent|Whoopi Goldberg|Luther Huff|Instrumentals From Back In Da|Junie||Lule, Paul M. |Marki|||Patterson, Rahsaan||Roger's Presents|Savon Smith|Tony! Toni! Tone!|||Waterfront Home|||
Paul Anton|Blues Busters|Crosby/Clooney|Fats Domino ; http://www.fatsdominoonline.com/||Freekbass ; http://www.freekbass.com|Gaye (Tribute), Marvin|Hall, Lynden David |Interpreters|Junior||Peggy Lee|Marky Ramone And The Intruders|||Powell, Randall||Roianne|Sax|Tonya|||Wattstax|||
Pedro Abrunhosa|Blues Is Alright (Series)|Crown Heights Affair|Floyd Dixon||Funkymeters ; http://www.funkymeters.com||Major Harris|Intrigues|Junior Parker||Rebecca Luker|Martha's Kitchen|||Parker Jr, Ray||Rollin' Fox|Saxophony-Honkers & Shouters|Toots Thieleman|||Weapon Of Choice|||
|Bluesiana Hot Sauce|Cruisin With Rat Fink|Davis & Pink Anders, Gary||Fabulous Motown Revue ; http//www.fabulousmotownrevue.com/|Garcia-Nelson, Mayte ; http://www.mayte.com/|Marcia Hines|Intro|Junior Walker||Reidar Larsen|Marvelettes|||Pryor, Richard||Romance|Searchers|Topaz|||Weather Girls|||
Roy Ayers|Bluesway Express|Cruisin' (Series)|Geater Davis||Fanté, Ricky ; http//www.rickyfante.net/|Garbino, Maggie ; http//www.maggiegarbino.com/|Maria Hernandez||Juss Deep||Ren Lexander|Marvelows|||Robert Palmer||Rome|Second Nature|Toscho|||Webster Hall Records|||
Ruby Andrews|Bo-Shed|Cruizin' to Motown (Series)|George Duke||FinkFankFunk ; http//www.finkfankfunk.com/|George Portner, Jr. ; http//www.georgeporterjr.com/|Maxine Harvey|Isis (Rock)|Just 4 U||Rick Littleton||||Robert Parker||Romeo|Secret Wish|Total|||Wendy & Lisa|||
Shane Ashley|Baldwin, Bob|Curtis Mayfield (Tribute)|Jermaine Dupri||Five Point Plan ; http//www.fivepointplan.com/|Goapele ; http//www.goapele.com/|Henderson [Bass], Michael|It's Christmas Time Again|Juvon||Rohn Lawrence|Marvin Miller|||Roy Perkins||Ronettes|Seka|Total Commitment|||Whatnauts|||
Slam Allen|Bobby "Blue" Bland|Cutting's Dance Express (Series)|Jerry Dixon||Flashcats, The ; http//www.flashcats.com/ |Gold, Ari ; http//www.arigold.com/|Miki Honeycutt|It's On Down Here|Jvc Force||Ron Levy|Mary Jane Girls|||Steve Parks||Room Service|Serenade|Total Look & The Style|||Whispers|||
Steve Arrington|Bobby & the Believers|Cypress Hill|Jessy Dixon||Floppyrods ; http//www.floppyrods.com/|Grace ; http//www.gracesworld.com/|Miki Howard|Iv Xample|Katie Jackson||Ronny Loew|Mary Mary|||Steve Pierson||Roomful Of Blues|Sergio|Totally Re-Wired (Series)|||White/Surface|||
Tatyana Ali ; http://www.tatyanaali.com/|Brown, Bobby|Deborah Cox ; http://www.deborahcox.com/|Joe Doja||Fontenot, Gloria ; http//www.gloriafontenot.com/|Grand Wazoo ; http//www.grandwazoo.live.com.au/|Nona Hendryx|Ivon|Keith Jarrett||Rosetta Lenford|Mase|||Tammy Payne||Roots Manuva|Sex & Soul (Series)|Tower Of Power|||Wild Cherry|||
The Ambassadors|Byrd, Bobby|Dee Clark|John Dummer||Fox-Little, Debbie ; http//www.fox-little.com/|Green, Vivian ; http//www.viviangreen.com/|Pat Hare|Izaya|Kyle Jason||Sean Levert|Mason/Odyssey|||Teddy Pendergrass||Rose Brothers|Shabazz 3|Toys|||Wild Orchid|||
The Artistics|Body & Soul ; http//www.bodynsoul.com/|Dina Carroll|Jonathan DuBose||Francine ; http//www.francine-music.com/|Groove Circus ; http//www.groovecircus.com/|Pauline Henry|James Ingram|L.V. Johnson||Smiley Lewis|Mass Order|||The Persuasions||Rose Royce|Shades|Trammps|||Wilde/Cashmere|||
Tommy Alvarado|Bohannon|Doctor Peter Clayton|Juanita Dailey||Fredi And The Soul Shakers ; http//www.frediandthesoulshakers.com/|Groove of the Day ; http//www.grooveoftheday.net/|Phyllis Hyman|Luther Ingram|Jackson, La Toya||Sonny Landreth|Mass Production|||Phat Cat Players, The||Rotary Connection|Shades Of Love|Traneen|||Will To Power|||
Vanessa Bell Armstrong|Bolivar|Don Covay|Karl Denson||Funktelligence ; http//www.funktelligence.com/|Gwaltney Jeff ; http//www.jeffgwaltney.com/|Ravi Harris|The Intruders|Laco Johnson||Stacy Lattisaw|Massive Attack|New Departures Quartet||Plastic Family, The||Roundtree|Shaft (Related Recordings)|Travyesso|||Williams & Collins|||
Vince Andrews|Bomb The Bass|Eddie Cochran|Keb Darge||Furler, Sia ; http//www.siamusic.net/||Red Holloway|Isley Brothers, The ; http://www.theisleybrothers.com/|Johnson, Li'l Willie ||The Larks|Masta Ace Incorporated|||The Platters||Royal House|Shaggy|Tree o Frogs|||Williams/Watson|||
Yolanda Adams ; http://www.singityolanda.com/|Bone Shakers|Eric Carmen|Ken Derouchie Band||||Richard Hooker|Ink Spots, The ; http://www.theinkspots.com/|Linda Jones||Last Poets, The|Masters At Work|||Pretty Things, The||Rozalla|Shai|Trellini|||Willis|||
Amp Fiddler ; http//www.ampfiddler.com/|Bramlett, Bonnie|Eric Clapton|Lamont Dozier||||Roger Hatcher|In Black ´n White ; http//www.inblacknwhite.com/|||Lost Generation, The|Masters Of Modern Blues (Series)|||Warp 9||Ruby & The Romantics|Shakatak|Treniers|||Wilmer & The Dukes|||
|Boogie Beat|Eva Cassidy|Lee Dorsey||||Ronnie Henson|Indofunk ; http//www.IndofunkCity.com/|Lorraine Johnson||Trey Lorenz|Material|||Wilson Pickett||Ruff Endz|Shalamar|Tres|||Winans|||
|Boogie Down Productions|G. C. Cameron|Marc Dorsey||||Roy Hamilton|Irene´s Cuisine ; http//www.irenescuisine.com/|Louis Jordan||Lindner, Walter J. |Max-A-Million|||X Parker||Ruffnexx Sound System|Shana|Trice|||Winans Phase 2|||
|Boogie In B'way|Garry Christian|Mike Davis||||Roy Harper|Isyss ; http//www.isyss-online.com/|Mable John||Lewis, Glenn ; http://www.glennlewismusic.com/|Maximum Audio Biography (Series)|||Pacific Standard Time ; http//www.pacificstandardtime.com/||Rufus|Shanelle|Trin-i-tee 5:7|||Wizzard|||
|Boogiemonsters|Gene Chandler|Miles Davis||||Roy Head||Mahalia Jackson||Li´mo ; http://www.lilmo.net/|Maximum Hits (Series)|||Parisian Living ; http//www.parisianliving.com/||Run D.M.C.|Shangri-La's/Avalon/Gore/Boone|Trinere|||Womack & Womack|||
|Booker T. & The MG's|George Clinton ; http://www.georgeclinton.com/|Mink DeVille||||Screamin' Jay Hawkins||Marc Johnson||Levert, Gerald ; http://www.geraldlevert.com/|Maxwell ; http://www.musze.com/|||Payback ; http//www.function-band.com/||Ruscola|Shanice|Trinere & Friends|||Women For Women (series)|||
|Booker T. Trio|Grace Campbell|Morris Day||||Shennen Harris||Margie Joseph||Lathun ; http//www.lathun.com/|Maysa|||People vs. Funk, The ; http//www.thepeoplevsfunk.com/||Rush Hour|Shannon|Trish|||Woodstock (Related Recordings)|||
|Booker, James|Gregory Cook|Mos Def||||Simon Harris||Marv Johnson||Leduc, Margo ; http//www.margoleduc.com/|Mayte|||Persuaderz Band, The ; http//www.thepersuaderz.com/||Russell|Sheavy|Troop|||Workshy|||
|Boots, The||N'dea Davenport||||Simone Hines||Maurice Jarre||Libido Funk Circus ; http//www.libidofunkcircus.com/|Maze|||Planet Earth ; http//www.planetearthfunk.com/||Sam Rivers|Sheila E.|Trouble Funk|||Woss Ness|||
|Bootsy Collins||David Whiteman Experience, The||||Son House||Michael Jackson ; http://www.michaeljackson.com/||LO Commotion ; http//www.locommotion.com/|Maze Featuring Frankie Beverly ; http//www.mazemuze.com/|||Platinium Express ; http//www.platinum-express.com/||Sandra Reaves-Phillips|Sherman|Tru-Gs|||Wreckx-N-Effect|||
|Bootsy's Rubber Band|Jae Cie|Olu Dara||||Tasha Holiday||Miles Jaye||Lumidee ; http//www.lumidee.net/|McFadden & Whitehead|||Porter, L. J. ; http//www.ljporter.com/||Sharon Redd|Sheshwe|Trumpet Masters (Series)|||Wrens|||
|Bootä ; http//www.lovethatboota.com/|James Carr|Day & The Knights, Otis||||Ted Hawkins||Millie Jackson|||McGuire Sisters|||Power of 10 ; http//www.powerof10.com/||Shawn Rivera|Shirelles|Tuff Crew|||W. Kristine ; http//www.kristinew.com/|||
|Booze Brothers, The ; http//www.theboozebrothers.biz/|James Cotton|Reverend Gary Davis||||Heart Of Southern Soul (Series), The||Milt Jackson|||McOo/Davis|||Prentice, Britt ; http//www.brittprentice.com/||Sir Mack Rice|Shirley & Company|Tunji|||Washington, Geno ; http//www.genowashington.com/|||
|Bortnick, Avi ; http//www.avibortnick.com/|Jan Celt|Ron Dante||||Hayes Movement, Isaac||Miss Jones|||Mccracklin/Anderson/Catalinas|||Professor D. and the Playschool ; http//www.professord.com/||Robins (Tribute), Smokey|Shirley & Lee|Twenty Super Hits (series)|||Watson, Wah Wah ; http//www.wahwah.com/|||
|Boston Horns ; http//www.bostonhorns.com/|Jean Carn|Ronnie Dove||||Tommy Hunt||Montell Jordan ; http://www.montelljordan.com/|||Meadowlarks|||Prophet Jones ; http//www.prophetjones.com/||Smokey Robinson|Shiro|Twenty-Four Carat Black|||West Water Street ; http//www.westwaterstreet.com/|||
|Bourbon Tabernacle Choir, The|Jimmy Castor|Ronnie Dyson||||Tony Howard|||||Medeski Martin & Wood|||Psychedelic Funkification Project ; http//www.psyfunk.com/||Sonny Rhodes|Sho Nuff|Twenty-Four-7 Spyz|||Whitfield, Barrence ; http//www.BarrenceWhitfield.com/|||
|Bowers, Dane ; http://www.danebowers.com/|Jimmy Cliff|Sam Dees||||Tramaine Hawkins||Paul Jones|||Mega Hits Dance Classics (Series)|||||Tad Robinson|Showmen|Twice|||Williams, James D-Train ; http//www.jamesdtrainwilliams.org/|||
|Bowie, Joseph|Joe Carmouche|Sugar Pie Desanto||||||Jackson, Paul Jr.|||Megasoft Office (Series)|||||Ted Ross|Silhouettes|Twice As Nice|||Willis, Nicole ; http//www.nicolewillis.com/|||
|Boyz II Men|Joe Coleman|Tami Davis||||Whitney Houston ; http://www.inside-whitney.com/||Puff Johnson|||Megaworld Interview (Series)|||||Terry Rob|Silk|Twista|||Wong, Will ; http//www.will-wong.com/|||
|Brailey, Jerome "Bigfoot" ; http//www.JeromeBigfoot.com/|John Cowan|Terence Trent D'Arby||||Willie Hightower||Quincy Jones|||Mel & Kim|||||The Rationals|Silver Convention|Two B|||Woodwork ; http//www.whoweare.net/|||
|Branche, Stacye ; http//www.StacyeBranche.com/|Johnny Cash|Terry Dexter||||Willie Hill||Rebbie Jackson|||Mel & Tim|||||Real Blues Brothers (Series), The|Simon Orchestra|Two In A Room||||||
|Brand New Heavies|Johnny Copeland|The 5th Dimension||||Willie Hutch||Rick James|||Melanie B|||||The Roots|Simply Red|Two O'Clock||||||
|Brandy ; http://www.foreverbrandy.com/|Judy Clay|The Delfonics||||Wynonie Harris||Ricky Jones|||Moore, Melba|||||Rude Boys, The|Sinbad's Summer Jam: Soul Music Festival (Series)|Two Tons (weather Girls)||||||
|Brass Construction|Creole & Coconuts, Kid|The Dells||||Hollister, Dave ; http://www.davehollister.com/||Robert John|||Morgan, Meli'sa |||||Thomas Richardson|Sinnamon/Foxx|Two Without Hats||||||
|Brave New Girl ; http//www.bravenewgirl.com/|King Curtis|The Disco Years (Series)||||Hot Chocolate||Robert Johnson|||Melody|||||Tony Rich|Sir Joe Quarterman & Free Soul|Tymes||||||
|Braxtons, The|Laurence Cottle|The Downliners Sect||||Houston, Marques ; http://www.marques-houston.com/||Rodney Jones|||Memories Of Times Square Record Shop (Series)|||||Toshi Reagon|Sir Oliver's Blues Distil|Typical Cats||||||
|Brazen|Lester Chambers|The Dramatics||||Honey Luv ; http//www.honeyluv.com/||Ronnie Jones|||Memory Lane|||||Vanessa Rubin|Siraj|Tyren||||||
|Breakwater|Linda Clifford|Thornetta Davis||||Hornheads ; http//www.bone2bwildmusic.com/||Ronny Jordan|||Memphis Horns|||||Wallace Roney|Sisqo|Tyrese||||||
|Brecker Brothers|Mariah Carey ; http://www.mariahcarey.com/|Tyrone Davis||||Hummers, The ; http//www.the-hummers.com/||Ruby Johnson|||Memphis Minnie|||||R-Gang ; http//www.r-gang.com/|Sissy Penis Factory|Walter Tabayoyong||||||
|Brenda|Mel Carter|Tyrone Dickerson||||Humphrey ; http//www.humphreymusic.com/||Sherri Jackson|||Memphis Slim|||||RAW74 ; http//www.raw74.co.uk/|Sister Nation|Trout Band, Walter||||||
|Brenda & Tabulations|Merry Clayton|Varetta Dillard||||||Shirley Jones|||Memphis Soul Revue|||||Resin ; http//www.resinweb.com/|Sister Sledge|Tyrell, Wesley J. ||||||
|Brick|Michael Coleman|Will Downing||||||Syl Johnson|||Men|||||Reverend Funk and the Horns of Salvation ; http//www.reverendfunk.com/|Sisters Love|White Tam||||||
|Brides of Jesus ; http//www.bridesfunk.com/|Michael Cooper|William DeVaughn||||||Syleena Johnson|||Men At Large|||||Rhythm City ; http//www.rhythm-city.com/|Skin Deep|Townes Van Zandt||||||
|Brilliant Corners|Mickey Champion|Willie Dixon||||||The JBs|||Men In Black (Related Recordings)|||||Rick Hudson Band ; http//www.rickhudson.co.uk/|Skull Snaps|Thomas, Brian ; http//www.bryanthomas.com/||||||
|Brilliant! The Global Dance Music Experiment (Series)|Miranda Brooke Carroll|||||||Jenny May Band, The|||Men Of Vizion|||||Root Doctors, The ; http//www.rootdoctors.com/|Sky|Timothea ; http//www.timothea.com/||||||
|Bring On Da Funk (Series)|Natalie Cole|Danny K ; http//www.dannyk.co.za/||||||Jive Five, The|||Menace|||||Ross, Kendra ; http//www.kendraross.com/|Skyscraper|Tracey ; http//www.traceymusic.net/||||||
|Briss|Neneh Cherry|DeAnne, Barbria ; http//www.barbriadeanne.com/||||||Valerie Jolivet|||Menageri|||||Roz ; http//www.rdnsensuous.com/|Skyy|Twist! ; http//www.twistband.com/||||||
|Brook Benton|Nikka Costa|Dedeaux, Paige ; http//www.paigededeaux.com/||||||Walter Jackson|||Messiah|||||Rubberneck ; http//www.rubberneck.com/|Slapbak|Tyghtship ; http//www.tyghtship.com/||||||
|Brooklyn Funk Essentials|Norman Connors|Deep Banana Blackout ; http//www.deepbananablackout.com/||||||Jhene ; http://www.jhene.com/|||Meters||||||Slave|||||||
|Brothaz By Choice|Otis Clay|Dells, The ; http//www.themightydells.com/||||||Jon B. ; http://www.jonbeyond.com/|||Method Man||||||Slippers|||||||
|Brother Keyle and the Funky Beans ; http//www.funkybeans.com/|Paul Carrack|Diamond, Lance ; http//www.lancediamond.net/||||||Jack Mack and the Heart Attack ; http//www.jackmack.com/|||Methrone||||||Slipping Around|||||||
|Brothers Johnson|Paul F Cowlan|Douglas, Jared ; http//www.jareddouglas.com/||||||Jackson, Bull Moose ; http//www.bullmoosejackson.com/|||Metropolitan Freestyle Extravaganza (Series)||||||Slow Dancin'|||||||
|Brothers Of Soul|Peter Crosa|Duwende ; http//www.duwende.com/||||||JADEgroove ; http//www.jadegroove.com/|||Mg's||||||Slow Grind (series)|||||||
|Brown ; http//www.brownmusic.com/|Petula Clark|Dwele ; http//www.dwele.net/||||||Jantony ; http//www.jantony.com/|||Miami; Robert Moore||||||Slow Jams (Series)|||||||
|Brown Eyed Soul (Series)|Randy Crawford|||||||Jay, Stephen ; http//www.stephenjay.com/|||Bliss Band, Michael||||||Slow Jamz From Back In Da Day (Series)|||||||
|Hornet, Brown|Ray Charles ; http://www.raycharles.com/|||||||Jaystorm ; http//www.jaystorm.net/|||McDonald, Michael||||||Slum Village|||||||
|Brown, Errol ; http//www.errolbrown.com/|Rockie Charles|||||||Jive ; http//www.boulderjive.com/|||McGrath, Michael||||||Sly|||||||
|Brown, Gary ; http//www.gabbrorecords.com/|Ron Carter|||||||Jones, Krystle ; http//www.KrystleJones.com/|||Monarch, Michael||||||Sly & Robbie|||||||
|Brownstone|Roscoe Chenier|||||||Jones, The ; http//www.the-jones.com/|||Michel'le||||||Sly & The Family Stone|||||||
|Buck, Jon David|Roy C.|||||||Josh Dodes Band ; http//www.jdband.com/|||Mickey||||||Sly Slick & Wicked|||||||
|Buckshot LeFonque|Ruth Copeland|||||||Julia & Company ; http//www.juliaandco.com/|||Mickey & Sylvia||||||Smokey Robinson (Tribute)|||||||
|Buddha Funk Special ; http//www.buddhafunkspecial.com/|Sam Cooke ; http://www.samcooke.com/|||||||JusTus ; http//www.justuslive.com/|||Micmac Dance Party (Series)||||||Smokin' with Superman ; http//www.smokinwithsuperman.com/|||||||
|Buddists|Samantha Cole||||||||||Micmac House Dance Party (Series)||||||Smoochin'...(Series)|||||||
|Buick 6|Shirley Caesar||||||||||Midnight Star||||||Smooth|||||||
|Bull City Red|Slimm Calhoun||||||||||Mighty Clouds Of Joy||||||Smooth Approach|||||||
|Bumpus ; http//www.bumpusweb.com/|Space Cadets||||||||||Mighty Ryeders||||||Smooth Grooves: A Sensual Collection (Series)|||||||
|Burners UK|Stanley Clarke||||||||||Mighty Sam McClain||||||Smooth Grooves: New Jack Ballads (Series)|||||||
|Bacharach (Tribute), Burt|Steve Clarke||||||||||Miguel Pineda-Van Gelder||||||Smooth Grooves: The '60s (Series)|||||||
|Busta Rhymes|Steve Clayton & 44's||||||||||Miles Davis (Tribute)||||||Snap|||||||
|Benton, Buster|Steve Cropper||||||||||Millennium Party (Series)||||||Snoop Dogg|||||||
|Butter Band, The ; http//www.butterband.com/|Terry Callier||||||||||Mimi||||||Snow|||||||
|Buzz|Tevin Campbell||||||||||Mind Over Body||||||Soave|||||||
|Carey Bell|The Cadillacs||||||||||Mingo Fishtrap ; http//www.mingofishtrap.com/||||||Society Of Soul|||||||
|Carter Burwell|The Campbell Brothers||||||||||Mingu Malam||||||Softones|||||||
|Celi Bee|The Chairmen of the Board||||||||||Minister Isaac Mullins Jr.||||||Solex|||||||
||The Chess 50th Anniversary Collection (Series)||||||||||Mint Condition||||||Solid Gold Soul (Series)|||||||
|Charles Brown|The Choice Four||||||||||Mint Juleps||||||Solo|||||||
|Chris Barber|The Cleftones||||||||||Mississippi Matilda||||||Solsonics|||||||
|Chris Bartley|The Complete Stax/Volt Soul Singles (Series)||||||||||Mista||||||Somethin' For The People|||||||
|Chris Bender|The Countdown Kids||||||||||Misure||||||Songs You Know By Heart (Series)|||||||
|Chuck Brown|The Cover Girls||||||||||Modjo||||||Sonique|||||||
|Chuckii Booker|The Cream Of The Crop (Series)||||||||||Mofro ; http//www.mofro.net/||||||Sonny Spoon|||||||
|Clarence "Gatemouth" Brown|The Crowmatix||||||||||Mojo Blues Band||||||Soul 2 Soul|||||||
|Colin Blunstone|The Crusaders||||||||||Mokenstef||||||Soul Brothers and Sisters (Series)|||||||
|Darrell Banks|Torrey Carter||||||||||Molasses||||||Soul Children|||||||
|Dave Baker|Valerie Carter||||||||||Monet||||||Soul Classics ( I.M.J. Series)|||||||
|Dennis Brown|Willie Clayton||||||||||Money Mark||||||Soul Classics (CEMA Series)|||||||
|Don Bryant|Woody Carr||||||||||Monica ; http://www.monica.com/||||||Soul Classics (Rebound Records Series)|||||||
|Donald Byrd|Woody Cunningham||||||||||Monifah||||||Soul Classics: Quiet Storm (Series)|||||||
|Earl Bostic|Cantrell, Blu ; http://www.blucantrell.com/||||||||||Montclairs||||||Soul For Real|||||||
|Elastic Band|Chesnutt, Cody ; http://www.codychesnutt.com/||||||||||Monteco||||||Soul Generation|||||||
|Elkie Brooks|Chou, Jay ; http://www.jay2u.com/||||||||||Moochers||||||Soul Hits (Series)|||||||
|Eric Benet|City High ; http://www.cityhigh.com/||||||||||Moodymann||||||Soul Hits Of The '70s - Didn't It Blow Your Mind (Series)|||||||
|Eric Bibb|Clark, Mike ; http://www.mikeclarkmusic.com/||||||||||Moonstone||||||Soul Legends (Series)|||||||
|Eric Brandoli|Collins, Bootsy ; http://www.bootsycollins.com ||||||||||Mosley & Johnson||||||Soul Patrol: Southern Soul Classics (Series)|||||||
|Eric Burdon|C.A. Jones ; http//www.cajones.cc/||||||||||Most Valuable Players (Series)||||||Soul Providers|||||||
|Erica Ballinger Features San Francisco Musicians|Cabarrus Street All-Stars ; http//www.cabarrusstreetallstars.com/||||||||||Motown Classic Hits (Series)||||||Soul Rebels|||||||
|Erykah Badu ; http://www.erykahbadu.com/|Campos, Al ; http%3A//www.AlCampos.com/||||||||||Motown Legends (Series)||||||Soul Shots (Series)|||||||
|Eugene Barry-Hill|Chandler, Gene ; http//www.genedukeofearl.com/||||||||||Motown Year By Year (Series)||||||Soul Sisters|||||||
|Fontella Bass|Chanté Keshia ; http//www.keshiachante.com/||||||||||Motown's Lost & Found||||||Soul Survivors|||||||
|Foxy Brown|Che´ Nazzerith ; http//www.chenazz.com/||||||||||Motown: Sixteen #1 Hits (Series)||||||Soul Underground-Feelin' Good|||||||
|Francy Boland|Chunk of Funk ; http//www.chunkoffunk.com/||||||||||Movin' To The Grooves||||||Soulfood 76|||||||
|Franz Butler|Church, Jarvis ; http//www.jarvischurch.info/ ||||||||||Mq3||||||Soulful Christmas|||||||
|Freddy Butler|Conlin, Busk ; http//www.buskconlin.com/||||||||||Mr. D||||||Soulful Divas (Series)|||||||
|Gene Barge|Count Basic ; http//www.countbasic.com/||||||||||Mr. Jae||||||Soulful Grooves: R&B Instrumental Classics (Series)|||||||
|Geoff Bradford|Cox, Tina ; http//www.tinacox.com/||||||||||Mtume||||||Soulful Love Duets (Series)|||||||
|George Benson|Crayon Sky ; http//www.crayonskymusic.com/||||||||||Mtv Party To Go||||||Soulive|||||||
|Guy Black|Crönk ; http//www.getcronk.com/||||||||||Muddy Waters||||||Sound Assembly|||||||
|Hamiet Bluiett|Cubistic Jack ; http//www.cubisticjack.com/||||||||||Muldaur/Wilson/Burke/Eaglin||||||Sound Choice Star Series: Female Hits Of The '90s|||||||
|Hamilton Bohannon|||||||||||Mummers||||||Sound Experience|||||||
|Hank Ballard|||||||||||Music For A Hot Body (Series)||||||Sounder|||||||
|Horace Brown|||||||||||Music for Little People||||||Sounds of Blackness|||||||
|J. Blackfoot|||||||||||Musiq ; http://www.musiqsoulchild.com/||||||Soundtrack For A Century (Series)|||||||
|J. J. Barnes|||||||||||Mutiny||||||South Park (Related Recordings)|||||||
|James Brown ; http://www.godfatherofsoul.com/|||||||||||Mwalim||||||Southern Shades Of Blue (Series)|||||||
|Jennifer Brown|||||||||||My Fair Lady (Related Recordings)||||||Southside Johnny|||||||
|Jerry Braxton|||||||||||Mya ; http://www.myamya.com/||||||Southside Movement|||||||
|Jerry Butler|||||||||||Myron||||||Spaniels|||||||
|Jjason Blackwell|||||||||||Mystic Moods Orchestra||||||Sparkle ; http//www.sparkleonline.net/|||||||
|Jo Jo Benson|||||||||||Mystikal||||||Special Blendz ; http//www.specialblendz.com/|||||||
|Joanne Barry|||||||||||Nuno Mindelis||||||Speciality Archives : Legends Of Golden Age Gospel (Series)|||||||
|Jocelyn Brown|||||||||||Morgan, Oliver|||||Righteous Brothers|Spectrum|||||||
|Joe Bataan|||||||||||Martinez, Osvaldo||||||Speech|||||||
|Joe Bowie|||||||||||Patiokings||||||Spellbound|||||||
|John Butler|||||||||||Medford, Paul J.||||||Spinners|||||||
|Jon B|||||||||||Mayfield, Percy||||||Spooks|||||||
|Jonathan Butler|||||||||||Phil New Orleans All-Sta Mason||||||Spotlite On Apollo Records (Series)|||||||
|KC Brass|||||||||||Pigmeat Markham||||||Spotlite On Capitol Records (Series)|||||||
|Keni Burke|||||||||||R.J. Mischo||||||Spotlite On Class Records (Series)|||||||
|Kurtis Blow|||||||||||Ricky Martin||||||Spotlite On End Records (Series)|||||||
|LaVern Baker|||||||||||Ronee Martin||||||Spotlite On Gee Records (Series)|||||||
|Lance Baker Jr.|||||||||||Ronnie McNeir||||||Spotlite On Gone Records (Series)|||||||
|Leon Bryant|||||||||||Moore, Rosie Mae||||||Spotlite On Gotham Records (Series)|||||||
|Lou Bennett|||||||||||Roy Meriwether||||||Spotlite On Herald Records (Series)|||||||
|Marc Bolan & T Rex|||||||||||Samantha Mumba||||||Spotlite On Hull Records (Series)|||||||
|Mary J. Blige ; http://www.mjblige.com/|||||||||||Sarah Jane Morris||||||Spotlite On Josie Records (Series)|||||||
|Maxine Brown|||||||||||Shirley Murdock||||||Spotlite On Jubilee Records (Series)|||||||
|Michael Bishop|||||||||||Stan Mosley||||||Spotlite On Mainline Records (Series)|||||||
|Mikki Bleu|||||||||||Stanton Moore||||||Spotlite On Rainbow Records (Series)|||||||
|Miquel Brown|||||||||||Stephanie Mills||||||Spotlite On Rama Records (Series)|||||||
|Nicolas Bearde|||||||||||Stick McGhee||||||Spotlite On Roulette Records (Series)|||||||
|Pat Brown|||||||||||Taj Mahal||||||Spotlite On Sun Records (Series)|||||||
|Peabo Bryson|||||||||||Teena Marie||||||Spotlite On Warwick Records (Series)|||||||
|Pete & Ian Lynn Brown|||||||||||The Moments||||||Stan Webb's Chicken Shack|||||||
|Peter Brown|||||||||||The Mystics||||||Star Profile (Interview Series)|||||||
|Peter Brown|||||||||||Tina Moore||||||Starpoint|||||||
|Philip Bailey ; http://www.philipbailey.com/|||||||||||Trina Maxwell||||||Stax-O'-Soul|||||||
|Ralph Brown|||||||||||Van McCoy||||||Steel Pulse|||||||
|Ray Bonneville|||||||||||Vivienne McKone||||||Steeles|||||||
|Regina Belle|||||||||||Wendy Moten||||||Stephen Simmonds|||||||
||||||||||||Macy, William H. ||||||Steps|||||||
|Robby Bright|||||||||||Willie Max||||||Stevie Wonder (Tribute)|||||||
|Rod Bernard|||||||||||Willie Mitchell||||||Straight Up|||||||
|Roy Brown|||||||||||Willie Morganfield||||||Strawberri|||||||
|Ruth Brown|||||||||||Wilson Meadows||||||Street Jams (Series)|||||||
|Shirley Bassey|||||||||||Yvette Michele||||||Street Vibes (UK Series)|||||||
|Shirley Brown|||||||||||Zane Mark||||||Strip Jointz (Series)|||||||
|Solomon Burke|||||||||||Mario ; http://www.mario2u.com/||||||Strokeland Superband|||||||
|Stevie B|||||||||||Milian, Christina ; http://www.christinamilian.com/ ||||||Stuff|||||||
|Tamar, Braxton|||||||||||Missy Elliott ; http://www.missy-elliott.com/||||||Stuntmasterz|||||||
|Tanya Blount|||||||||||Monét, Jerzee ; http://www.jerzeemonet.com/||||||Stylistics|||||||
|Terence Blanchard|||||||||||Mis-Teeq ; http://www.misteeq.com/||||||Stylz|||||||
|The Best Of Chess (Series)|||||||||||Morgan, Debelah ; http://www.debelahmorgan.com/||||||Subway|||||||
|The Big Chill (Related Recordings)|||||||||||Ms. Dynamite ; http://www.msdynamite.co.uk/||||||Sugar Hill|||||||
|The Blackbyrds|||||||||||Madd Hatter Review, The ; http//www.maddhatterreview.com/||||||Sugar Shack|||||||
|The Blade Co.|||||||||||Madison Heighte Soul Experience ; http//www.madison-soul.co.uk/||||||Sugarman Three|||||||
|The Box Tops|||||||||||Maertens, Patricia ; http//www.patriciamaertens.com/||||||Summer/Moroder|||||||
|The Boys Choir of Harlem|||||||||||Mango Room, The ; http//www.themangoroom.com/||||||Sun|||||||
|The Boys From Syracuse (Related Recordings)|||||||||||Marie, Teen ; http//www.teenamarie.com/||||||Sun Splashin' (Series)|||||||
|The Kelly Brothers|||||||||||Marsels, The ; http//www.marsels.com/||||||Sunshine Anderson|||||||
|Tim Berne|||||||||||Martin, Leon ; http//www.leonmartin.com/||||||Super Non Stop (Series)|||||||
|Tiny Bradshaw|||||||||||Meteorite ; http//www.meteoritemusic.com/||||||Super Soul Blues (Series)|||||||
|Tom Browne|||||||||||Miracle Orchestra ; http//www.MiracleOrchestra.com/||||||Super Taylors|||||||
|Toni Braxton|||||||||||Moe´s Kitchen ; http//www.moeskitchen.com/||||||SuperHoney ; http//www.superhoney.com/|||||||
|Vickie Baker|||||||||||Monte Moir ; http//www.montemoir.com/||||||Superblues: All-Time Classic Blues Hits (Series)|||||||
|Vincent Bingham|||||||||||Moore Foundation ; http//www.themoorefoundation.com/||||||Superbs|||||||
|Walter Becker|||||||||||Moore, Sam ; http//www.sammoore.net/||||||Supremes|||||||
|Wayne Burton|||||||||||Morrison, George P. ; http//www.surfvampire.com/||||||Suresha Hill|||||||
|Wendell Brown|||||||||||Moses Mayes & The Funk Family Orchestra ; http//www.mosesmayes.com/||||||Surface|||||||
|Wilbur 'bad' Bascomb|||||||||||Motor Booty Affair ; http//www.motorbootyaffair.com/||||||Sutherland Brothers|||||||
|Will Batts|||||||||||Murat, Rob ; http//www.robmurat.com/||||||Swamp Click|||||||
|William Bell|||||||||||Myers, Dexter ; http//www.dextermyers.com/||||||Swamp Dogg|||||||
|Willie Bobo|||||||||||http//www.raymyers.com/||||||Sweatracks|||||||
|Blackstreet ; http://www.blackstreetmusic.com/|||||||||||||||||Sweet Fellowship Inspirational & Main Line Interdenominational Choirs|||||||
|Barnett, Latrice ; http//www.latricebarnett.com/|||||||||||||||||Sweet Inspirations|||||||
|Beat Down Sound ; http//www.beatdownsound.com/|||||||||||||||||Sweet Sable|||||||
|Budists ; http//www.budists.co.uk/|||||||||||||||||Sweet Sensation|||||||
||||||||||||||||||Sweet Thunder|||||||
||||||||||||||||||Sweetback|||||||
||||||||||||||||||Sweetbox|||||||
||||||||||||||||||Sweetman & His Southside Groove Kings|||||||
||||||||||||||||||Swing City Big Band|||||||
||||||||||||||||||Swingin' Medallions|||||||
||||||||||||||||||Switch|||||||
||||||||||||||||||Smith, Sy|||||||
||||||||||||||||||Sybersound|||||||
||||||||||||||||||Sybil|||||||
||||||||||||||||||Sylvers|||||||
||||||||||||||||||Sylvester|||||||
||||||||||||||||||Sylvia|||||||
||||||||||||||||||Sylvia/Moments|||||||
||||||||||||||||||System|||||||
||||||||||||||||||Ted Sirota|||||||
||||||||||||||||||Terry Steele|||||||
||||||||||||||||||Terry Stephen|||||||
||||||||||||||||||S.O.S. Band, The|||||||
||||||||||||||||||Salsoul Orchestra, The|||||||
||||||||||||||||||Shadow Masters, The|||||||
||||||||||||||||||The Shadows|||||||
||||||||||||||||||The Shazam|||||||
||||||||||||||||||Solomon Brothers, The|||||||
||||||||||||||||||Soul Stirrers, The|||||||
||||||||||||||||||Staple Singers, The|||||||
||||||||||||||||||Stax/Volt Revue (Series), The|||||||
||||||||||||||||||Sullivan Years (Series), The|||||||
||||||||||||||||||Sweet Sounds Of Muscle Shoals (Series), The|||||||
||||||||||||||||||Tony Scott|||||||
||||||||||||||||||Tracie Spencer|||||||
||||||||||||||||||Victor Sila|||||||
||||||||||||||||||Vonda Shepard|||||||
||||||||||||||||||Wayne Shorter|||||||
||||||||||||||||||Will Smith|||||||
||||||||||||||||||Strecker, William Hart |||||||
||||||||||||||||||Second Image ; http//www.secondimage.org/|||||||
||||||||||||||||||Secret Gossip ; http//www.secretgossipmusic.com/|||||||
||||||||||||||||||Seknd Chance ; http//www.sekndchance.com/|||||||
||||||||||||||||||September, Kathy ; http//www.kathyseptember.com/|||||||
||||||||||||||||||Shaw, Lester ; http//www.lestershaw.com/|||||||
||||||||||||||||||Slippers, The ; http//www.slippersmusic.com/|||||||
||||||||||||||||||Smit-Haüs ; http//www.smithaus.com/|||||||
||||||||||||||||||So Plush ; http//www.soplushfan.com/|||||||
||||||||||||||||||Soul Agents ; http//www.soulagents.com/|||||||
||||||||||||||||||Soul Deacons ; http//www.souldeacons.com/|||||||
||||||||||||||||||Soul Disciples ; http//www.souldisciples.co.uk/|||||||
||||||||||||||||||Soul Enterprise ; http//www.soulent.com|||||||
||||||||||||||||||Soul Fever ; http//www.soulfever.net/|||||||
||||||||||||||||||Soul Fusion ; http//www.soulfusionband.com/|||||||
||||||||||||||||||Soul Patrol, The ; http//www.thesoulpatrol.com/|||||||
||||||||||||||||||Soul Power ; http//www.soulpower.biz/|||||||
||||||||||||||||||Soul Prophets ; http//www.soulprophets.com/|||||||
||||||||||||||||||Soul Proprietor ; http//www.soulproprietor.net/|||||||
||||||||||||||||||Soul Traders, The ; http//www.oxfordsoul.com/|||||||
||||||||||||||||||Souled Out ; http//www.souledoutband.com/|||||||
||||||||||||||||||Soulvation ; http//www.soulvation.tv/|||||||
||||||||||||||||||Sun Messengers ; http//www.sunmessengers.com/|||||||
||||||||||||||||||SuperBooty ; http//www.superbooty.com/|||||||
||||||||||||||||||Sweet Addiction ; http//www.sweetaddiction.com/|||||||
